PMID,Year,Author,Institution,City,Region,State,Latitude,Longitude,Continent
27745570,2016,Rosemary Ogu,University of Benin,Benin City,Edo,Nigeria,6.3997845,5.609863,Africa
27745570,2016,Kingsley Agholor,Rivers State University,Port Harcourt,Rivers,Nigeria,4.806206599999999,6.9864462,Africa
27745570,2016,Friday Okonofua,University of Port Harcourt,Choba,Rivers,Nigeria,4.9069911,6.916194399999999,Africa
61238967,2017,Yara M. Asi,University of Central Florida,Orlando,Florida,United States,28.6024274,-81.2000599,North America
61238967,2017,Cynthia Williams,University of North Florida,Jacksonville,Florida,United States,30.2661204,-81.50723140000001,North America
21423142,2017,Gabriel Seidman,Harvard University,Cambridge,Massachusetts,United States,42.3744368,-71.1182488,North America
43241053,2017,Elizabeth Eckermann,Deakin University,,,,,,
73815642,2018,Ente Rood,Royal Tropical Institute,Amsterdam,Noord-Holland,Netherlands,52.3627231,4.9209759,Europe
73815642,2018,Ahmadul Hasan Khan,Directorate General of Health Services,,,,,,
73815642,2018,Pronab Kumar Modak,Directorate General of Health Services,,,,,,
73815642,2018,Christina Mergenthaler,Royal Tropical Institute,Amsterdam,Noord-Holland,Netherlands,52.3627231,4.9209759,Europe
73815642,2018,Margo van Gurp,Royal Tropical Institute,Amsterdam,Noord-Holland,Netherlands,52.3627231,4.9209759,Europe
73815642,2018,Lucie Blok,Royal Tropical Institute,Amsterdam,Noord-Holland,Netherlands,52.3627231,4.9209759,Europe
73815642,2018,Mirjam I. Bakker,Royal Tropical Institute,Amsterdam,Noord-Holland,Netherlands,52.3627231,4.9209759,Europe
79147644,2019,Philippa Druce,University of Oslo,Oslo,Oslo,Norway,59.9404992,10.7215296,Europe
79147644,2019,Ekaterina Bogatyreva,University of Oslo,Oslo,Oslo,Norway,59.9404992,10.7215296,Europe
79147644,2019,Frederik Francois Siem,Norges Røde Kors,,,,,,
79147644,2019,Scott Gates,Peace Research Institute Oslo,Oslo,Oslo,Norway,59.91527429999999,10.7584262,Europe
79147644,2019,Hanna Kaade,University of Oslo,Oslo,Oslo,Norway,59.9404992,10.7215296,Europe
79147644,2019,Johanne Sundby,Ministry of Foreign Affairs,,,,,,
79147644,2019,Morten Rostrup,Peace Research Institute Oslo,Oslo,Oslo,Norway,59.91527429999999,10.7584262,Europe
79147644,2019,C B Andersen,Norges Røde Kors,,,,,,
79147644,2019,Siri Aas Rustad,Peace Research Institute Oslo,Oslo,Oslo,Norway,59.91527429999999,10.7584262,Europe
79147644,2019,Andrew E. Yaw Tchie,Peace Research Institute Oslo,Oslo,Oslo,Norway,59.91527429999999,10.7584262,Europe
79147644,2019,Robert Mood,University of Oslo,Oslo,Oslo,Norway,59.9404992,10.7215296,Europe
72868895,2019,Vesna Bjegović-Mikanović,University of Belgrade,Beograd,,Serbia,44.8184518,20.4575913,Europe
72868895,2019,Zeyad Ali Salem Abousbie,University of Belgrade,Beograd,,Serbia,44.8184518,20.4575913,Europe
72868895,2019,Juergen Breckenkamp,Bielefeld University,Bielefeld,Nordrhein-Westfalen,Germany,52.0367238,8.4952413,Europe
72868895,2019,Helmut Wenzel,University of Konstanz,Konstanz,Baden-Württemberg,Germany,47.6898803,9.187944200000002,Europe
72868895,2019,Raphaël Broniatowski,University of Belgrade,Beograd,,Serbia,44.8184518,20.4575913,Europe
72868895,2019,Chase W. Nelson,Bielefeld University,Bielefeld,Nordrhein-Westfalen,Germany,52.0367238,8.4952413,Europe
17559024,2019,Lorren K. Haywood,,,,,,,
17559024,2019,Caradee Y. Wright,,,,,,,
22939286,2019,Esther Kamau,University of Massachusetts Boston,Boston,Massachusetts,United States,42.3141992,-71.0419953,North America
22939286,2019,Gillian MacNaughton,University of Massachusetts Boston,Boston,Massachusetts,United States,42.3141992,-71.0419953,North America
62365911,2019,Dominic Dankwah Agyei,University of Health and Allied Sciences,Hohoe,Volta Region,Ghana,7.158873799999999,0.4725953,Africa
62365911,2019,George Clifford Yamson,Central University,Accra,Greater Accra Region,Ghana,5.554341399999999,-0.2301459,Africa
69854949,2019,María Belén Federico,Fundación Instituto Leloir,Buenos Aires,Ciudad Autónoma de Buenos Aires,Argentina,-34.6042718,-58.4341442,South America
75099920,2019,R. A. McFarlane,,,,,,,
75099920,2019,John Barry,,,,,,,
75099920,2019,Guéladio Cissé,,,,,,,
75099920,2019,Maya K. Gislason,,,,,,,
75099920,2019,Marta Gruca,,,,,,,
75099920,2019,Kerryn Higgs,,,,,,,
75099920,2019,Pierre Horwitz,,,,,,,
75099920,2019,Giang Huu Nguyen,,,,,,,
75099920,2019,Jane O’Sullivan,,,,,,,
75099920,2019,Subhashis Sahu,,,,,,,
75099920,2019,Colin D. Butler,,,,,,,
23644546,2019,Manisha Bajracharya,KIST Medical College,Lalitpur,Bagmati Province,Nepal,27.664769,85.3339039,Asia
23644546,2019,Ang Tshering Sherpa,KIST Medical College,Lalitpur,Bagmati Province,Nepal,27.664769,85.3339039,Asia
23644546,2019,Ajay Dhakal,KIST Medical College,Lalitpur,Bagmati Province,Nepal,27.664769,85.3339039,Asia
23644546,2019,Sunita Bhandari,KIST Medical College,Lalitpur,Bagmati Province,Nepal,27.664769,85.3339039,Asia
23644546,2019,Heera Tuladhar,KIST Medical College,Lalitpur,Bagmati Province,Nepal,27.664769,85.3339039,Asia
23644546,2019,Meenu Maharjan,KIST Medical College,Lalitpur,Bagmati Province,Nepal,27.664769,85.3339039,Asia
50330506,2019,N.A. Blaboe,,,,,,,
74785876,2020,Ming Shen,University of Chinese Academy of Sciences,,Beijing,China,40.408141,116.682386,Asia
74785876,2020,Hongtao Duan,Nanjing Institute of Geography and Limnology,Nanjing,Jiangsu,China,32.0583799,118.79647,Asia
74785876,2020,Zhigang Cao,Chinese Academy of Sciences,,Bei Jing Shi,China,39.9106327,116.3356321,Asia
74785876,2020,Kun Xue,Chinese Academy of Sciences,,Bei Jing Shi,China,39.9106327,116.3356321,Asia
74785876,2020,Tianci Qi,Northwest University,Kirkland,Washington,United States,47.657668,-122.1923389,North America
74785876,2020,Jinge Ma,Nanjing Institute of Geography and Limnology,Nanjing,Jiangsu,China,32.0583799,118.79647,Asia
74785876,2020,Dong Liu,University of Chinese Academy of Sciences,,Beijing,China,40.408141,116.682386,Asia
74785876,2020,Kaishan Song,Nanjing Institute of Geography and Limnology,Nanjing,Jiangsu,China,32.0583799,118.79647,Asia
74785876,2020,Chunlin Huang,Chinese Academy of Sciences,,Bei Jing Shi,China,39.9106327,116.3356321,Asia
74785876,2020,Xiaoyu Song,Nanjing Institute of Geography and Limnology,Nanjing,Jiangsu,China,32.0583799,118.79647,Asia
84666858,2020,Yulia Sepreninova,Sumy State University,Sumy,Sums'ka oblast,Ukraine,50.89226439999999,34.84181030000001,Europe
84666858,2020,Інна Макаренко,Sumy State University,Sumy,Sums'ka oblast,Ukraine,50.89226439999999,34.84181030000001,Europe
84666858,2020,Alex Plastun,Sumy State University,Sumy,Sums'ka oblast,Ukraine,50.89226439999999,34.84181030000001,Europe
84666858,2020,Angela Babko,Security Service of Ukraine,Dobrovelychkivka,Kirovohrad Oblast,Ukraine,48.379433,31.16558,Europe
84666858,2020,Gunnay Gasimova,Khazar University,Baku,,Azerbaijan,40.373352,49.8333129,Asia
89971724,2020,Jesper Sundewall,Lund University,Lund,Skåne län,Sweden,55.7119483,13.203493,Europe
89971724,2020,Birger C. Forsberg,University of KwaZulu-Natal,Durban,KwaZulu-Natal,South Africa,-29.8674219,30.9807272,Africa
74923048,2020,Aransi Waliyi Olayemi,University of Ibadan,Ibadan,Oyo,Nigeria,7.3775507,3.9470625,Africa
29594068,2020,Cameron McCordic,University of Waterloo,Waterloo,Ontario,Canada,43.4722854,-80.5448576,North America
29594068,2020,Bruce Frayne,University of Waterloo,Waterloo,Ontario,Canada,43.4722854,-80.5448576,North America
32777169,2020,S. Suresh,,,,,,,
22022649,2020,S. Suresh,,,,,,,
16651188,2021,Glória Macassa,University of Gävle,Gävle,Gävleborgs län,Sweden,60.66786329999999,17.1190478,Europe
27875519,2021,Danya Arif Siddiqi,Interactive Research and Development,Karachi,Sindh,Pakistan,24.8119964,67.1227416,Asia
27875519,2021,Sara Abdullah,Interactive Research and Development,Karachi,Sindh,Pakistan,24.8119964,67.1227416,Asia
27875519,2021,Vijay Kumar Dharma,Indus Hospital,Karachi,Sindh,Pakistan,24.8173888,67.11129489999999,Asia
27875519,2021,Mubarak Taighoon Shah,Interactive Research and Development,Karachi,Sindh,Pakistan,24.8119964,67.1227416,Asia
27875519,2021,Mohammed Adil Akhter,Indus Hospital,Karachi,Sindh,Pakistan,24.8173888,67.11129489999999,Asia
27875519,2021,Ali Habib,Interactive Research and Development,Karachi,Sindh,Pakistan,24.8119964,67.1227416,Asia
85644398,2021,Mario Situm,University of Applied Sciences Kufstein,Kufstein,Tirol,Austria,47.583807,12.173668,Europe
85644398,2021,Alex Plastun,Sumy State University,Sumy,Sums'ka oblast,Ukraine,50.89226439999999,34.84181030000001,Europe
85644398,2021,Інна Макаренко,Sumy State University,Sumy,Sums'ka oblast,Ukraine,50.89226439999999,34.84181030000001,Europe
85644398,2021,Yuliіa Serpeninova,Sumy State University,Sumy,Sums'ka oblast,Ukraine,50.89226439999999,34.84181030000001,Europe
85644398,2021,Giuseppe Sorrentino,University of Applied Sciences Kufstein,Kufstein,Tirol,Austria,47.583807,12.173668,Europe
33957078,2021,Інна Макаренко,Sumy State University,Sumy,Sums'ka oblast,Ukraine,50.89226439999999,34.84181030000001,Europe
33957078,2021,Alex Plastun,Sumy State University,Sumy,Sums'ka oblast,Ukraine,50.89226439999999,34.84181030000001,Europe
33957078,2021,Mario Situm,University of Applied Sciences Kufstein,Kufstein,Tirol,Austria,47.583807,12.173668,Europe
33957078,2021,Yuliіa Serpeninova,Sumy State University,Sumy,Sums'ka oblast,Ukraine,50.89226439999999,34.84181030000001,Europe
33957078,2021,Giuseppe Sorrentino,University of Applied Sciences Kufstein,Kufstein,Tirol,Austria,47.583807,12.173668,Europe
80947082,2021,Peter Olaniyi,Ladoke Akintola University of Technology,,,,,,
80947082,2021,Fajobi Timothy Oluwatobi,Ladoke Akintola University of Technology,,,,,,
80947082,2021,Muhibah Eniola Olaniyan,University of Lagos,Lagos,Lagos,Nigeria,6.515759,3.3898447,Africa
80947082,2021,Olanipekun Abdulazeez Olajide,University of Ilorin,Ilorin,Kwara,Nigeria,8.4858957,4.674583,Africa
80947082,2021,Blessing Abai Sunday,University of Uyo,Uyo,Akwa Ibom,Nigeria,5.0382498,7.9767283,Africa
80947082,2021,Abdullahi Tunde Aborode,University of Birmingham,Birmingham,England,United Kingdom,52.4506089,-1.9305745,Europe
80947082,2021,Christian Oko Inya,University of Bradford,Bradford,England,United Kingdom,53.7914677,-1.766069,Europe
36759226,2021,Felipe Roberto Silva,Universidade Estadual do Ceará,,Ceará,Brazil,-3.7882864,-38.5533951,South America
36759226,2021,Samuel Façanha Câmara,Universidade Estadual do Ceará,,Ceará,Brazil,-3.7882864,-38.5533951,South America
36759226,2021,Francisco R. Pinto,Universidade Estadual do Ceará,,Ceará,Brazil,-3.7882864,-38.5533951,South America
36759226,2021,Marcelo de Oliveira Soares,Universidade Federal do Ceará,,Ceará,Brazil,-3.7466621,-38.5737448,South America
36759226,2021,Michael Barbosa Viana,Universidade Federal do Ceará,,Ceará,Brazil,-3.7466621,-38.5737448,South America
36759226,2021,Thiago Matheus De Paula,Universidade Estadual do Ceará,,Ceará,Brazil,-3.7882864,-38.5533951,South America
58635983,2021,Diego Lindoso,Universidade de Brasília,,Distrito Federal,Brazil,-15.7651574,-47.8699039,South America
58635983,2021,Gabriela Litre,Universidade de Brasília,,Distrito Federal,Brazil,-15.7651574,-47.8699039,South America
99617654,2021,Sabine Baumgart,Hochschule für Gesundheit - University of Applied Sciences,Bochum,Nordrhein-Westfalen,Germany,51.4472813,7.245659799999999,Europe
86243392,2021,Martin Ravallion,,,,,,,
30775580,2021,Isabell Koinig,University of Klagenfurt,Klagenfurt am Wörthersee,Kärnten,Austria,46.6160474,14.2654238,Europe
30775580,2021,Sandra Diehl,University of Klagenfurt,Klagenfurt am Wörthersee,Kärnten,Austria,46.6160474,14.2654238,Europe
30775580,2021,Franzisca Weder,University of Klagenfurt,Klagenfurt am Wörthersee,Kärnten,Austria,46.6160474,14.2654238,Europe
20353627,2022,Nahia Idoiaga Mondragón,University of the Basque Country,Leioa,Euskadi,Spain,43.3308985,-2.9680574,Europe
20353627,2022,Idoia Legorburu Fernández,University of the Basque Country,Leioa,Euskadi,Spain,43.3308985,-2.9680574,Europe
20353627,2022,Naiara Ozamiz-Etxebarria,University of the Basque Country,Leioa,Euskadi,Spain,43.3308985,-2.9680574,Europe
20353627,2022,Darren M. Lipnicki,UNSW Sydney,Sydney,New South Wales,Australia,-33.917347,151.2312675,Oceania
20353627,2022,Beatriz Villagrasa,Centro de Investigación Biomédica en Red de Salud Mental,,,,,,
20353627,2022,Javier Santabárbara,Universidad de Zaragoza,Zaragoza,Aragón,Spain,41.6420639,-0.9015065,Europe
92396833,2022,Akhilesh K. Yadav,University of Delhi,New Delhi,Delhi,India,28.5842824,77.1638519,Asia
92396833,2022,Harish Kumar Yadav,University of Delhi,New Delhi,Delhi,India,28.5842824,77.1638519,Asia
92396833,2022,Aliya Naz,O. P. Jindal Global University,Sonipat,Haryana,India,28.9264157,77.0565769,Asia
92396833,2022,Monika Koul,University of Delhi,New Delhi,Delhi,India,28.5842824,77.1638519,Asia
92396833,2022,Abhiroop Chowdhury,O. P. Jindal Global University,Sonipat,Haryana,India,28.9264157,77.0565769,Asia
92396833,2022,Shashank Shekhar,University of Delhi,New Delhi,Delhi,India,28.5842824,77.1638519,Asia
55054904,2022,Shang‐Yu Yang,Asia University,,,,,,
55054904,2022,Cheng Liu,Ministry of Health and Welfare,,,,,,
55054904,2022,Pei‐Lun Hsieh,Asia University,,,,,,
87804792,2022,Shabana Khan,University of Leeds,Leeds,England,United Kingdom,53.8066815,-1.5550328,Europe
64049657,2022,G Venkatesh,Karlstad University,Karlstad,Värmlands län,Sweden,59.40639900000001,13.582588,Europe
24592419,2022,Mia Zultrianti Sari,Islamic University College,,,,,,
43158749,2022,Amirhossein Takian,Tehran University of Medical Sciences,Tehran,Tehran Province,Iran,35.7058231,51.3941861,Asia
43158749,2022,Azam Raoofi,Tehran University of Medical Sciences,Tehran,Tehran Province,Iran,35.7058231,51.3941861,Asia
43158749,2022,Hajar Haghighi,Tehran University of Medical Sciences,Tehran,Tehran Province,Iran,35.7058231,51.3941861,Asia
12848769,2022,Abhinav Sinha,Regional Medical Research Centre,Bhubaneswar,Odisha,India,20.315675,85.8199446,Asia
12848769,2022,Sumegha Mohapatra,Regional Medical Research Centre,Bhubaneswar,Odisha,India,20.315675,85.8199446,Asia
12848769,2022,Shubhashisha Mohanty,Regional Medical Research Centre,Bhubaneswar,Odisha,India,20.315675,85.8199446,Asia
12848769,2022,Sanghamitra Pati,Regional Medical Research Centre,Bhubaneswar,Odisha,India,20.315675,85.8199446,Asia
2241517,2022,Sinan Küfeoğlu,University of Cambridge,Cambridge,England,United Kingdom,52.205356,0.113168,Europe
1735445,2022,A. M. Khalaf,Al-Azhar University,,,,,,
1735445,2022,M. M. Taha,Egyptian Atomic Energy Authority,,,Egypt,26.820553,30.802498,Africa
1735445,2022,E. Saber,Al-Azhar University,,,,,,
73059198,2022,Raju Kumar Gupta -,Deen Dayal Upadhyaya Gorakhpur University,Gorakhpur,Uttar Pradesh,India,26.7480847,83.38079739999999,Asia
31940577,2022,Diego Andrés Heredia-León,Universidad de Murcia,Murcia,Región de Murcia,Spain,38.01875100000001,-1.16938,Europe
31940577,2022,David Manzano-Sánchez,Universidad Católica de Cuenca,,,,,,
31940577,2022,Alberto Gómez Mármol,University of Cuenca,Cuenca,Azuay,Ecuador,-2.9004602,-79.0096916,South America
31940577,2022,Alfonso Valero Valenzuela,Universidad de Murcia,Murcia,Región de Murcia,Spain,38.01875100000001,-1.16938,Europe
38746558,2022,An’im Kafabih,Diponegoro University,,Jawa Tengah,Indonesia,-7.051962499999999,110.4408916,Asia
38746558,2022,Wahyu Krisna Hidajat,Diponegoro University,,Jawa Tengah,Indonesia,-7.051962499999999,110.4408916,Asia
38746558,2022,Satriyo Adhy,Diponegoro University,,Jawa Tengah,Indonesia,-7.051962499999999,110.4408916,Asia
59606730,2022,Sylva Sagita,Indonesia University of Education,,Jawa Barat,Indonesia,-6.8624281,107.5936472,Asia
59606730,2022,Diana Rochintaniawati,Indonesia University of Education,,Jawa Barat,Indonesia,-6.8624281,107.5936472,Asia
79249695,2022,Azaria Ekaputri,University of Indonesia,,Jawa Barat,Indonesia,-6.3606229,106.8272343,Asia
79249695,2022,Ratih Dyah Kusumastuti,University of Indonesia,,Jawa Barat,Indonesia,-6.3606229,106.8272343,Asia
79249695,2022,Ratih Dyah Kusumastuti,Creative Commons,,,,,,
69897989,2023,Wafa Ahmad,Applied Science Private University,Amman,Amman Governorate,Jordan,32.0400076,35.9003989,Asia
69897989,2023,Tala Sasa,Applied Science Private University,Amman,Amman Governorate,Jordan,32.0400076,35.9003989,Asia
69897989,2023,Nawal H. Bahtiti,Applied Science Private University,Amman,Amman Governorate,Jordan,32.0400076,35.9003989,Asia
69897989,2023,Rula F Khuzai,Applied Science Private University,Amman,Amman Governorate,Jordan,32.0400076,35.9003989,Asia
69897989,2023,Ibrahim Abdel- Rahman,University of Sharjah,Sharjah,Sharjah,United Arab Emirates,25.2867653,55.47830450000001,Asia
63049723,2023,Paolo Martelletti,Sapienza University of Rome,Roma,Lazio,Italy,41.9037626,12.5144384,Europe
63049723,2023,Matilde Leonardi,Fondazione IRCCS Istituto Neurologico Carlo Besta,Milano,Lombardia,Italy,45.4771261,9.2306578,Europe
63049723,2023,Messoud Ashina,Glostrup Hospital,Glostrup,,Denmark,55.6703717,12.3892063,Europe
63049723,2023,Rami Burstein,University of Copenhagen,København,,Denmark,55.6802303,12.5724096,Europe
63049723,2023,Soo‐Jin Cho,Rigshospitalet,København,,Denmark,55.6960231,12.5665622,Europe
63049723,2023,Augustina Charway‐Felli,Beth Israel Deaconess Medical Center,,,,,,
63049723,2023,David W. Dodick,Harvard University,Cambridge,Massachusetts,United States,42.3744368,-71.1182488,North America
63049723,2023,Raquel Gil‐Gouveia,Hallym University Dongtan Sacred Heart Hospital,Hwaseong-si,Gyeonggi-do,South Korea,37.2165827,127.0798736,Asia
63049723,2023,Licia Grazzi,37 Military Hospital,Accra,Greater Accra Region,Ghana,5.588605299999999,-0.1840867,Africa
63049723,2023,Christian Lampl,Mayo Clinic in Arizona,Young,Arizona,United States,34.0489281,-111.0937311,North America
63049723,2023,Antoinette MaassenVanDenBrink,Hospital da Luz,Lisboa,Lisboa,Portugal,38.7562,-9.1924904,Europe
63049723,2023,Mia T. Minen,Fondazione IRCCS Istituto Neurologico Carlo Besta,Milano,Lombardia,Italy,45.4771261,9.2306578,Europe
63049723,2023,Dimos D. Mitsikostas,Convent Hospital of the Brothers of Saint John of God,,,,,,
63049723,2023,Jes Olesen,Erasmus MC,Rotterdam,Zuid-Holland,Netherlands,51.91093,4.468131,Europe
63049723,2023,Mayowa Owolabi,NYU Langone Health,,,,,,
63049723,2023,Uwe Reuter,National and Kapodistrian University of Athens,Athina,,Greece,37.9823087,23.7567529,Europe
63049723,2023,Elena Ruiz de la Torre,Eginition Hospital,,,,,,
63049723,2023,Simona Sacco,University of Copenhagen,København,,Denmark,55.6802303,12.5724096,Europe
63049723,2023,Todd J. Schwedt,Rigshospitalet,København,,Denmark,55.6960231,12.5665622,Europe
63049723,2023,Gianluca Serafini,Glostrup Hospital,Glostrup,,Denmark,55.6703717,12.3892063,Europe
63049723,2023,Nirmal Surya,University of Ibadan,Ibadan,Oyo,Nigeria,7.3775507,3.9470625,Africa
63049723,2023,Cristina Tassorelli,Charité - Universitätsmedizin Berlin,Berlin,Berlin,Germany,52.5264618,13.3766245,Europe
63049723,2023,Shuu‐Jiun Wang,University of L'Aquila,L'Aquila,Abruzzo,Italy,42.3514296,13.397299,Europe
63049723,2023,Yonggang Wang,Mayo Clinic in Arizona,Young,Arizona,United States,34.0489281,-111.0937311,North America
63049723,2023,Tissa Wijeratne,University of Genoa,Genoa,Liguria,Italy,44.4071448,8.934738099999999,Europe
63049723,2023,Alberto Raggi,Surya Hospitals,Mumbai,Maharashtra,India,19.0855574,72.8378872,Asia
46096168,2023,Weihua Liao,Guangxi University,Nan Ning Shi,Guang Xi Zhuang Zu Zi Zhi Qu,China,22.814458,108.324213,Asia
46096168,2023,Qianwen Qu,Bank of China,,,,,,
46096168,2023,Shiting Liang,Beijing Normal University,,Bei Jing Shi,China,39.9619537,116.3662615,Asia
46096168,2023,Weiguo Jiang,State Key Laboratory of Remote Sensing Science,,Bei Jing Shi,China,39.961434,116.365889,Asia
7284271,2023,Rob Hales,Griffith University,Nathan,Queensland,Australia,-27.5530181,153.0510796,Oceania
7284271,2023,Naomi Birdthistle,Griffith University,Nathan,Queensland,Australia,-27.5530181,153.0510796,Oceania
6939191,2023,Mridul Kumar Sarma,Nethradhama Superspeciality Eye Hospital,Bengaluru,Karnataka,India,12.9252713,77.57737569999999,Asia
94370667,2023,Iris R. Joosse,Pharmo Institute,Utrecht,Utrecht,Netherlands,52.0684591,5.0767374,Europe
94370667,2023,Veronika J. Wirtz,Utrecht University,Utrecht,Utrecht,Netherlands,52.0859667,5.1715372,Europe
94370667,2023,A. T. van Mourik,Boston University,Boston,Massachusetts,United States,42.3504997,-71.1053991,North America
94370667,2023,B. A. Wagner,Pharmo Institute,Utrecht,Utrecht,Netherlands,52.0684591,5.0767374,Europe
94370667,2023,Aukje K. Mantel‐Teeuwisse,Utrecht University,Utrecht,Utrecht,Netherlands,52.0859667,5.1715372,Europe
94370667,2023,Fátima Suleman,Pharmo Institute,Utrecht,Utrecht,Netherlands,52.0684591,5.0767374,Europe
94370667,2023,Hendrika A. van den Ham,Utrecht University,Utrecht,Utrecht,Netherlands,52.0859667,5.1715372,Europe
80470285,2023,Lianjie Wang,Jiangnan University,Wu Xi Shi,Jiang Su Sheng,China,31.482675,120.277464,Asia
80470285,2023,Yao Tang,Zhejiang University of Finance and Economics,Hang Zhou Shi,Zhe Jiang Sheng,China,30.284836,120.113367,Asia
63224337,2023,Krishnamurthy Jayanna,M S Ramaiah University of Applied Sciences,Bengaluru,Karnataka,India,13.0292361,77.5698732,Asia
87401493,2023,Shuguang Qu,Tianjin Vocational Institute,,Tian Jin Shi,China,39.182963,117.217492,Asia
87401493,2023,Xianghua Wang,Tianjin Vocational Institute,,Tian Jin Shi,China,39.182963,117.217492,Asia
87401493,2023,Tao Jing,Tianjin Vocational Institute,,Tian Jin Shi,China,39.182963,117.217492,Asia
30706229,2023,Suzana Suzana,Airlangga University,,East Java,Indonesia,-7.269580499999999,112.7825799,Asia
30706229,2023,Juni Ekowati,Airlangga University,,East Java,Indonesia,-7.269580499999999,112.7825799,Asia
30706229,2023,I Nyoman Wijaya,Airlangga University,,East Java,Indonesia,-7.269580499999999,112.7825799,Asia
30706229,2023,Rosita Handayani,Airlangga University,,East Java,Indonesia,-7.269580499999999,112.7825799,Asia
30706229,2023,Siti Rahmah,Airlangga University,,East Java,Indonesia,-7.269580499999999,112.7825799,Asia
30706229,2023,Bambang Purwanto,Airlangga University,,East Java,Indonesia,-7.269580499999999,112.7825799,Asia
30706229,2023,Dewi Melani Hariyadi,Airlangga University,,East Java,Indonesia,-7.269580499999999,112.7825799,Asia
84494700,2023,Esther Ngaihte,University of Delhi,New Delhi,Delhi,India,28.5842824,77.1638519,Asia
84494700,2023,Anushruti Anushruti,University of Delhi,New Delhi,Delhi,India,28.5842824,77.1638519,Asia
58242451,2023,A. Khattak,National University of Sciences and Technology,Islamabad,Islamabad Capital Territory,Pakistan,33.6424888,72.99300099999999,Asia
58242451,2023,Zujaja Wahaj,Fernando Pessoa University,Porto,Porto,Portugal,41.1728847,-8.6111563,Europe
13781096,2023,Vitria Susanti,Universitas Islam Negeri Raden Intan Lampung,,Lampung,Indonesia,-5.3834784,105.3036449,Asia
13781096,2023,Nadya Maharani,Universitas Islam Internasional Indonesia,,Jawa Barat,Indonesia,-6.3863397,106.8625864,Asia
13781096,2023,Syifa Fahrani Azzahra,Universitas Internasional Semen Indonesia,,Jawa Timur,Indonesia,-7.175619999999999,112.649173,Asia
13781096,2023,Yetri Martika Sari,Sunan Kalijaga State Islamic University Yogyakarta,,Daerah Istimewa Yogyakarta,Indonesia,-7.7847839,110.3943589,Asia
72828622,2023,Izabella Łęcka,University of Warsaw,Warszawa,Województwo mazowieckie,Poland,52.2403463,21.0186012,Europe
72828622,2023,Nicolai Henri de Kuyper,Maastricht University,Maastricht,Limburg,Netherlands,50.8469602,5.6879801,Europe
952018,2023,Roseline Oluwaseun Ogundokun,Kaunas University of Technology,Kaunas,Kauno apskritis,Lithuania,54.8988968,23.9126701,Europe
952018,2023,Edidiong Samuel Akpabio,Landmark University,Omu-Aran,Kwara,Nigeria,8.1226263,5.082785599999999,Africa
952018,2023,Oluwaseun Joshua Ishola,Landmark University,Omu-Aran,Kwara,Nigeria,8.1226263,5.082785599999999,Africa
952018,2023,C. K. Ayo,Landmark University,Omu-Aran,Kwara,Nigeria,8.1226263,5.082785599999999,Africa
79614652,2023,Hock Lye Koh,Sunway University,,,,,,
79614652,2023,Su Yean Teh,Universiti Sains Malaysia,Gelugor,Pulau Pinang,Malaysia,5.3555943,100.3025455,Asia
39600900,2023,Md. Mortuza Ahmmed,American International University-Bangladesh,Dhaka,Dhaka Division,Bangladesh,23.8221242,90.4274063,Asia
39600900,2023,Md. Ashraful Babu,International University of Business Agriculture and Technology,Dhaka,Dhaka Division,Bangladesh,23.8882699,90.3906595,Asia
39600900,2023,Jannatul Ferdosy,North South University,Dhaka,Dhaka Division,Bangladesh,23.8151107,90.4255566,Asia
39600900,2023,Srikanta Kumar Mohapatra,Chitkara University,Rajpura,Punjab,India,30.5160865,76.6597778,Asia
75265269,2023,Matías Membiela-Pollán,Universidade da Coruña,A Coruña,,Spain,43.3637626,-8.4103923,Europe
75265269,2023,Xosé Picatoste,Universidade da Coruña,A Coruña,,Spain,43.3637626,-8.4103923,Europe
75265269,2023,Félix Blázquez-Lozano,Universidade da Coruña,A Coruña,,Spain,43.3637626,-8.4103923,Europe
53519563,2023,Matías Membiela-Pollán,Universidade da Coruña,A Coruña,,Spain,43.3637626,-8.4103923,Europe
53519563,2023,Xosé Picatoste,Universidade da Coruña,A Coruña,,Spain,43.3637626,-8.4103923,Europe
53519563,2023,Félix Blázquez-Lozano,Universidade da Coruña,A Coruña,,Spain,43.3637626,-8.4103923,Europe
8950901,2023,Raju Kumar Gupta -,Deen Dayal Upadhyaya Gorakhpur University,Gorakhpur,Uttar Pradesh,India,26.7480847,83.38079739999999,Asia
68477887,2023,Juni Ekowati,Airlangga University,,East Java,Indonesia,-7.269580499999999,112.7825799,Asia
68477887,2023,Melanny Ika Sulistyowati,Airlangga University,,East Java,Indonesia,-7.269580499999999,112.7825799,Asia
68477887,2023,Achmad Toto Purnomo,Airlangga University,,East Java,Indonesia,-7.269580499999999,112.7825799,Asia
68477887,2023,Kholis Amalia Nofianti,Airlangga University,,East Java,Indonesia,-7.269580499999999,112.7825799,Asia
68477887,2023,Norhayati Norhayati,Airlangga University,,East Java,Indonesia,-7.269580499999999,112.7825799,Asia
68477887,2023,Gusti Rizaldi,Airlangga University,,East Java,Indonesia,-7.269580499999999,112.7825799,Asia
68477887,2023,Ghinalya Chalbi Ananda,Airlangga University,,East Java,Indonesia,-7.269580499999999,112.7825799,Asia
90963168,2023,João Casqueira Cardoso,Fernando Pessoa University,Porto,Porto,Portugal,41.1728847,-8.6111563,Europe
90963168,2023,Robert Nalbandov,Angelo State University,San Angelo,Texas,United States,31.4386537,-100.4598144,North America
90963168,2023,Ana Rocha,Fernando Pessoa University,Porto,Porto,Portugal,41.1728847,-8.6111563,Europe
67785769,2023,Anthony Millan De Lange,Universidad del Norte,Barranquilla,Atlántico,Colombia,11.0190513,-74.8511425,South America
67785769,2023,Carmen Molinares Brito,Universidad del Sinú,Montería,Córdoba,Colombia,8.7671218,-75.8849401,South America
67785769,2023,Karim Hussein Dasuki,Universidad del Sinú,Montería,Córdoba,Colombia,8.7671218,-75.8849401,South America
67785769,2023,Stefany Baena Valencia,Innovation Cluster (Canada),Peterborough,Ontario,Canada,44.3017586,-78.3194096,North America
83460344,2023,Kumari Youkta,Indian Institute of Technology Patna,Patna,Bihar,India,25.5356448,84.8512966,Asia
83460344,2023,Rajendra Narayan Paramanik,Indian Institute of Technology Patna,Patna,Bihar,India,25.5356448,84.8512966,Asia
29542815,2023,Syed Abdul Rehman Khan,Xuzhou University of Technology,Xu Zhou Shi,Jiang Su Sheng,China,34.213947,117.215626,Asia
29542815,2023,Muhammad Jawad Sajid,Xuzhou University of Technology,Xu Zhou Shi,Jiang Su Sheng,China,34.213947,117.215626,Asia
29542815,2023,Zhang Yu,Chang'an University,Xi An Shi,Shan Xi Sheng,China,34.231185,108.956646,Asia
13968448,2023,Fatwa Latifatul Fajriyah,Airlangga University,,East Java,Indonesia,-7.269580499999999,112.7825799,Asia
6020178,2024,Sugumar Mariappanadar,Australian Catholic University,,,,,,
55154150,2024,Shi Chen,Southwestern University of Finance and Economics,Cheng Du Shi,Si Chuan Sheng,China,30.662819,104.016322,Asia
55154150,2024,Xiaoyu Duan,Southwestern University of Finance and Economics,Cheng Du Shi,Si Chuan Sheng,China,30.662819,104.016322,Asia
55154150,2024,Shiu-Chieh Chiu,CTBC Business School,,Tainan City,Taiwan,23.0639485,120.1621807,Asia
55154150,2024,Jyh-Horng Lin,Tamkang University,,New Taipei City,Taiwan,25.1740706,121.4473008,Asia
73793492,2024,Hasna Luthfi Khairunnisa,,,,,,,
62891666,2024,Sivaji Patra,Ramakrishna Mission Vivekananda Educational and Research Institute,Howrah,West Bengal,India,22.630116,88.3536725,Asia
62891666,2024,Buddhadeb Dutta,Ministry of Earth Sciences,,,,,,
62891666,2024,Abas Basir,Government of India,Ponnur,Andhra Pradesh,India,20.593684,78.96288,Asia
62891666,2024,M. V. Ramanamurthy,University of Calcutta,Kolkata,West Bengal,India,22.5750862,88.3629188,Asia
77754445,2024,D. Gallego,Universidad Pablo de Olavide,Sevilla,Andalucía,Spain,37.3552405,-5.937404099999999,Europe
77754445,2024,Antonio José Cardona Linares,Universidad de Zaragoza,Zaragoza,Aragón,Spain,41.6420639,-0.9015065,Europe
77754445,2024,José Manuel Cenizo Benjumea,Universidad de Zaragoza,Zaragoza,Aragón,Spain,41.6420639,-0.9015065,Europe
30370835,2024,Bartosz Bartniczak,Wroclaw University of Economics and Business,Wrocław,Województwo dolnośląskie,Poland,51.090502,17.026347,Europe
30370835,2024,Adam Płachciak,Wroclaw University of Economics and Business,Wrocław,Województwo dolnośląskie,Poland,51.090502,17.026347,Europe
30370835,2024,Andrzej Raszkowski,Wroclaw University of Economics and Business,Wrocław,Województwo dolnośląskie,Poland,51.090502,17.026347,Europe
30370835,2024,Gerard J. Lewis,Hochschule für Technik und Wirtschaft Dresden – University of Applied Sciences,Dresden,Sachsen,Germany,51.0375108,13.7351424,Europe
87837923,2024,Maryam Shafiee Shakib,Arizona State University,Tempe,Arizona,United States,33.4229975,-111.9278306,North America
87837923,2024,Patricia Solís,Arizona State University,Tempe,Arizona,United States,33.4229975,-111.9278306,North America
87837923,2024,Kate Varfalameyeva,Arizona State University,Tempe,Arizona,United States,33.4229975,-111.9278306,North America
52213365,2024,Samudra Mutiara Hasanah,State University of Malang,,Jawa Timur,Indonesia,-7.960594299999999,112.6176771,Asia
52213365,2024,Sri Ratna Rahayu,State University of Malang,,Jawa Timur,Indonesia,-7.960594299999999,112.6176771,Asia
52213365,2024,Oktavia Sulistina,State University of Malang,,Jawa Timur,Indonesia,-7.960594299999999,112.6176771,Asia
52213365,2024,Ronal Surya Aditya,State University of Malang,,Jawa Timur,Indonesia,-7.960594299999999,112.6176771,Asia
52213365,2024,Rizky Andana Pohan,Institut Agama Islam Negeri Bengkulu,,Bengkulu,Indonesia,-3.8348004,102.326671,Asia
52213365,2024,Riza Amalia,State University of Malang,,Jawa Timur,Indonesia,-7.960594299999999,112.6176771,Asia
37974145,2024,Marisol Reséndiz Vega,Universidad Tecnológica de Tula-Tepeji,Colonia Sesenta y Dos,Hidalgo,Mexico,20.0092097,-99.3427861,North America
37974145,2024,José Alberto García-Melo,Universidad Tecnológica de Tula-Tepeji,Colonia Sesenta y Dos,Hidalgo,Mexico,20.0092097,-99.3427861,North America
37974145,2024,Eduardo Hernández Sánchez,Universidad Tecnológica de Tula-Tepeji,Colonia Sesenta y Dos,Hidalgo,Mexico,20.0092097,-99.3427861,North America
73178212,2024,Nyphadear Tiara Scoorpy Ananda Putra,Sebelas Maret University,,Jawa Tengah,Indonesia,-7.559627399999999,110.8563805,Asia
73178212,2024,Randhi Satria,Universitas Islam Negeri Ar-Raniry,,Aceh,Indonesia,5.5787938,95.3676052,Asia
73178212,2024,Siti N. Hidayati,Sultan Haji Ahmad Shah Hospital,Temerloh,Pahang,Malaysia,3.4531541,102.4515394,Asia
14207362,2024,Ravi Kumar Gupta,All India Institute of Medical Sciences Rishikesh,Rishikesh,Uttarakhand,India,30.078879,78.2860087,Asia
14207362,2024,Lokesh Kumar Saini,All India Institute of Medical Sciences,New Delhi,Delhi,India,28.5671774,77.2100451,Asia
14207362,2024,Seithikurippu R. Pandi‐Perumal,Chandigarh University,,,,,,
42381743,2024,Flávio Pinheiro Martins,,,,,,,
42381743,2024,José Guilherme Veras Closs,,,,,,,
42381743,2024,Dunia Waked,,,,,,,
42381743,2024,Paulo Hilário Nascimento Saldiva,,,,,,,
42381743,2024,Mariana Matera Veras,,,,,,,
72040808,2024,Khalid Barkat,,,,,,,
72040808,2024,Amina Barkat,,,,,,,
72040808,2024,Souhaila Bellitir,,,,,,,
72040808,2024,Assma Barkat,,,,,,,
72040808,2024,Rachid Fares,,,,,,,
72040808,2024,Hamid Chamlal,,,,,,,
72040808,2024,Aicha Kharbach,,,,,,,
72040808,2024,Zaki El Hanchi,,,,,,,
72040808,2024,Banacer Himmi,,,,,,,
50325184,2024,Md. Abdul Momen,Jatiya Kabi Kazi Nazrul Islam University,,Mymensingh Division,Bangladesh,24.5819974,90.3751927,Asia
50325184,2024,Shamsul Huq Bin Shahriar,United International University,Dhaka,Dhaka Division,Bangladesh,23.7978829,90.44971,Asia
15319216,2024,A. Khattak,,,,,,,
15319216,2024,Zujaja Wahaj,,,,,,,
15319216,2024,Maria Alzira Pimenta Dinis,,,,,,,
77603281,2024,Nudra Malik,Lahore College for Women University,Lahore,Punjab,Pakistan,31.5446509,74.3266323,Asia
77603281,2024,Anam Amama,Lahore College for Women University,Lahore,Punjab,Pakistan,31.5446509,74.3266323,Asia
77603281,2024,Aqsa Shabbir,Lahore College for Women University,Lahore,Punjab,Pakistan,31.5446509,74.3266323,Asia
77603281,2024,Naveed Iqbal,Lahore College for Women University,Lahore,Punjab,Pakistan,31.5446509,74.3266323,Asia
77603281,2024,Huma Tauseef,Lahore College for Women University,Lahore,Punjab,Pakistan,31.5446509,74.3266323,Asia
77603281,2024,Sahar Zia,Lahore College for Women University,Lahore,Punjab,Pakistan,31.5446509,74.3266323,Asia
51216731,2024,Krithiga Shridhar,,,,,,,
51216731,2024,Aastha Aggarwal,,,,,,,
51216731,2024,Shyamala Mani,,,,,,,
20054862,2024,Lukman Raimi,,,,,,,
41242351,2024,Sulman Naeem Mirza,,,,,,,
34162750,2024,Ikeu Kania,,,,,,,
34162750,2024,Mila Karmila,,,,,,,
34162750,2024,Ema Rismayanti,,,,,,,
34162750,2024,Handrini Ardiyanti,,,,,,,
34162750,2024,Herlina Tarigan,,,,,,,
34162750,2024,Ni Wayan Supriliyani,,,,,,,
99132577,2024,Ann Baby,Rajagiri College of Social Sciences (Autonomous),Kochi,Kerala,India,10.0532371,76.3155973,Asia
12793294,2024,Hock Lye Koh,,,,,,,
12793294,2024,Su Yean Teh,,,,,,,
18477401,2024,Xuelian Li,,,,,,,
18477401,2024,Shiu-Chieh Chiu,,,,,,,
18477401,2024,Jyh-Horng Lin,,,,,,,
18477401,2024,Yuxin Xie,,,,,,,
40458800,2024,Bhupinder Singh,Sharda University,,,,,,
40458800,2024,Christian Kaunert,Dublin City University,Dublin 9,County Dublin,Ireland,53.38533169999999,-6.2588403,Europe
40458800,2024,Anjali Raghav,Sharda University,,,,,,
40458800,2024,Kamalesh Ravesangar,Tunku Abdul Rahman University of Management and Technology,Kuala Lumpur,Federal Territory of Kuala Lumpur,Malaysia,3.2152552,101.7265571,Asia
40767945,2024,Dita Garnita,University of Indonesia,,Jawa Barat,Indonesia,-6.3606229,106.8272343,Asia
40767945,2024,Rahmi Rahmi,University of Indonesia,,Jawa Barat,Indonesia,-6.3606229,106.8272343,Asia
40767945,2024,Hideo Joho,University of Tsukuba,Tsukuba,Ibaraki,Japan,36.1112342,140.1007171,Asia
40767945,2024,Abdul Kadir,University of Indonesia,,Jawa Barat,Indonesia,-6.3606229,106.8272343,Asia
73842161,2024,Mubarik Abdul Mumin,University for Development Studies,Tamale,Northern Region,Ghana,9.3722604,-0.8852348999999999,Africa
73842161,2024,Abdul Jalil Mahama,University of Aberdeen,Aberdeen,Scotland,United Kingdom,57.1647761,-2.1014659,Europe
88453346,2024,Khalid Barkat,,,,,,,
88453346,2024,Amina Barkat,,,,,,,
88453346,2024,Souhaila Bellitir,,,,,,,
88453346,2024,Amina Barkat,,,,,,,
88453346,2024,Rachid Fares,,,,,,,
88453346,2024,Hamid Chamlal,,,,,,,
88453346,2024,Banacer Himmi,,,,,,,
88453346,2024,Aicha Kharbach,,,,,,,
88453346,2024,Zaki El Hanchi,,,,,,,
5529464,2024,Juni Ekowati,Airlangga University,,East Java,Indonesia,-7.269580499999999,112.7825799,Asia
5529464,2024,Neny Prawitasari,Airlangga University,,East Java,Indonesia,-7.269580499999999,112.7825799,Asia
5529464,2024,Farida Ifadotunnikmah,Airlangga University,,East Java,Indonesia,-7.269580499999999,112.7825799,Asia
5529464,2024,Bastiana Bastiana,Universitas Nahdlatul Ulama Surabaya,,Jawa Timur,Indonesia,-7.322940399999998,112.7388627,Asia
5529464,2024,Mochammad Yuwono,Islamic Hospital,,,,,,
5529464,2024,Suzana Suzana,Airlangga University,,East Java,Indonesia,-7.269580499999999,112.7825799,Asia
5529464,2024,Julian Dwi Susanto,Airlangga University,,East Java,Indonesia,-7.269580499999999,112.7825799,Asia
5529464,2024,Angkasa Megistra Ulvan,Airlangga University,,East Java,Indonesia,-7.269580499999999,112.7825799,Asia
5529464,2024,Thalia Vanessa Hartono,Airlangga University,,East Java,Indonesia,-7.269580499999999,112.7825799,Asia
5529464,2024,Fawaz Shihab,Airlangga University,,East Java,Indonesia,-7.269580499999999,112.7825799,Asia
5529464,2024,Ryan Afandi,Airlangga University,,East Java,Indonesia,-7.269580499999999,112.7825799,Asia
5529464,2024,Albertus Aditya Setiawan,Airlangga University,,East Java,Indonesia,-7.269580499999999,112.7825799,Asia
5529464,2024,Winanda Rizki Febrianti,Airlangga University,,East Java,Indonesia,-7.269580499999999,112.7825799,Asia
79062425,2024,Delanyo Dovlo,Ghana College of Physicians and Surgeons,,Bono East Region,Ghana,7.946527,-1.023194,Africa
79062425,2024,Evelyn Ansah,University of Health and Allied Sciences,Hohoe,Volta Region,Ghana,7.158873799999999,0.4725953,Africa
79062425,2024,Kwasi Torpey,University of Ghana,Accra,Greater Accra Region,Ghana,5.650562,-0.1962244,Africa
79062425,2024,Irène Akua Agyepong,Ghana College of Physicians and Surgeons,,Bono East Region,Ghana,7.946527,-1.023194,Africa
98595589,2024,Santos Lucio Chero-Pisfil,,,,,,,
98595589,2024,Aimeé Yajaira Díaz-Mau,,,,,,,
98595589,2024,Jhosely Quispe-Nina,,,,,,,
98595589,2024,Gustavo Raymundo Infantes-Bracamonte,,,,,,,
98595589,2024,Clelia Patricia Suaña-Apaza,,,,,,,
98595589,2024,Milagros Nohely Rosas-Sudario,,,,,,,
3158174,2024,Nor Nazeranah Haji Omar Din,,,,,,,
55897760,2024,João Casqueira Cardoso,,,,,,,
55897760,2024,Robert Nalbandov,,,,,,,
55897760,2024,Ana Rocha,,,,,,,
89049242,2024,Adhi Prakosa,,,,,,,
89049242,2024,L B Agatha Trie Wulandari,,,,,,,
89049242,2024,Arif Sudaryana,,,,,,,
9819762,2024,Flemmings Fishani Ngwira,Malawi University of Business and Applied Sciences,Blantyre,Southern Region,Malawi,-15.8016562,35.027058,Africa
9819762,2024,Wellman Kondowe,University of Malawi,Zomba,Southern Region,Malawi,-15.3892358,35.3372455,Africa
9819762,2024,Jessie Mkandawire,Mzuzu University,Mzuzu,Northern Region,Malawi,-11.4218607,33.9954007,Africa
75989114,2024,Md. Mortuza Ahmmed,American International University-Bangladesh,Dhaka,Dhaka Division,Bangladesh,23.8221242,90.4274063,Asia
75989114,2024,Md. Ashraful Babu,Independent University,,,,,,
75989114,2024,Shalini Puri,Manipal University Jaipur,Jaipur,Rajasthan,India,26.8438552,75.5652343,Asia
45662742,2024,Youssef Er-Rays,Université Ibn-Tofail,Kénitra,Rabat-Salé-Kénitra,Morocco,34.2460423,-6.584873099999999,Africa
45662742,2024,Meriem M’dioud,Université Ibn-Tofail,Kénitra,Rabat-Salé-Kénitra,Morocco,34.2460423,-6.584873099999999,Africa
