PMID,Year,Author,Institution,City,Region,State,Latitude,Longitude,Continent
5401956,2016,Arne Rückert,University of Ottawa,Ottawa,Ontario,Canada,45.42310639999999,-75.68313289999999,North America
5401956,2016,Ashley Schram,University of Ottawa,Ottawa,Ontario,Canada,45.42310639999999,-75.68313289999999,North America
5401956,2016,Ronald Labonté,University of Ottawa,Ottawa,Ontario,Canada,45.42310639999999,-75.68313289999999,North America
5401956,2016,Sharon Friel,Australian National University,Canberra,Australian Capital Territory,Australia,-35.2812533,149.1183238,Oceania
5401956,2016,Deborah Gleeson,La Trobe University,,,,,,
5401956,2016,Anne Marie Thow,University of Sydney,Camperdown,New South Wales,Australia,-33.8884041,151.1867648,Oceania
41857222,2016,Safiya George Dalmida,University of Alabama,Tuscaloosa,Alabama,United States,33.2114385,-87.5401002,North America
41857222,2016,Roxanne Amerson,Clemson University,Clemson,South Carolina,United States,34.6749926,-82.8406184,North America
41857222,2016,Jennifer Foster,Emory University,Atlanta,Georgia,United States,33.7973735,-84.3252791,North America
41857222,2016,Leila McWhinney‐Dehaney,University of Botswana,Gaborone,Gaborone City,Botswana,-24.6605376,25.9309113,Africa
41857222,2016,Mabel K.M. Magowe,Ministry of Health,,,,,,
41857222,2016,Patrice K. Nicholas,MGH Institute of Health Professions,Boston,Massachusetts,United States,42.374754,-71.054238,North America
41857222,2016,Karen M. Pehrson,Brigham and Women's Hospital,,,,,,
41857222,2016,Jeanne Leffers,SouthCoast Health,,,,,,
44667876,2016,Timothy Lynch,University of Plymouth,Plymouth,England,United Kingdom,50.3758892,-4.1395842,Europe
76961335,2016,Maximus N. O. Asogwa,University of Nigeria,Nsukka,Enugu,Nigeria,6.866601999999999,7.411526299999998,Africa
76961335,2016,Severus Ifeanyi Odoziobodo,Enugu State University of Science and Technology,Ohum,Enugu,Nigeria,6.536353,7.435619399999999,Africa
89019252,2016,Hannah B. Mudrick,,,,,,,
18127673,2017,Paloma Durán y Lalaguna,,,,,,,
18127673,2017,Ekaterina Dorodnykh,,,,,,,
25801795,2017,Bilal Anwar,Xi'an Jiaotong University,Xi An Shi,Shan Xi Sheng,China,34.250803,108.983693,Asia
25801795,2017,Zhongdong Xiao,Xi'an Jiaotong University,Xi An Shi,Shan Xi Sheng,China,34.250803,108.983693,Asia
25801795,2017,Sharmin Akter,University of Chittagong,Chittagong,Chittagong Division,Bangladesh,22.4715718,91.7876793,Asia
25801795,2017,Ramiz Ur Rehman,University of Lahore,Lahore,Punjab,Pakistan,31.5203696,74.35874729999999,Asia
49315952,2017,Mykola Vasylovych Kostel,Sumy State University,Sumy,Sums'ka oblast,Ukraine,50.89226439999999,34.84181030000001,Europe
49315952,2017,Daryna Volodymyrivna Leus,Sumy State University,Sumy,Sums'ka oblast,Ukraine,50.89226439999999,34.84181030000001,Europe
49315952,2017,Alina Cebotarenco,Sumy State University,Sumy,Sums'ka oblast,Ukraine,50.89226439999999,34.84181030000001,Europe
17992081,2017,Clive Gabay,Queen Mary University of London,London,England,United Kingdom,51.5240671,-0.0403745,Europe
17992081,2017,Suzan Ilcan,University of Waterloo,Waterloo,Ontario,Canada,43.4722854,-80.5448576,North America
6943157,2017,Maryna Marianovych,,,,,,,
12181623,2017,S. Tolstov,National Academy of Sciences of Ukraine,Dobrovelychkivka,Kirovohrad Oblast,Ukraine,48.379433,31.16558,Europe
30545688,2017,S. Tolstov,National Academy of Sciences of Ukraine,Dobrovelychkivka,Kirovohrad Oblast,Ukraine,48.379433,31.16558,Europe
47869161,2018,Lorren K. Haywood,Council for Scientific and Industrial Research,New Delhi,Delhi,India,28.6184547,77.2120814,Asia
47869161,2018,Nikki Funke,Council for Scientific and Industrial Research,New Delhi,Delhi,India,28.6184547,77.2120814,Asia
47869161,2018,Michelle Audouin,Council for Scientific and Industrial Research,New Delhi,Delhi,India,28.6184547,77.2120814,Asia
47869161,2018,Constansia Musvoto,Council for Scientific and Industrial Research,New Delhi,Delhi,India,28.6184547,77.2120814,Asia
47869161,2018,Anton Nahman,Council for Scientific and Industrial Research,New Delhi,Delhi,India,28.6184547,77.2120814,Asia
85769294,2018,Yulia Blomstedt,Umeå University,Umeå,Västerbottens län,Sweden,63.82022240000001,20.3054461,Europe
85769294,2018,Zulfiqar A Bhutta,Aga Khan University,Karachi,Sindh,Pakistan,24.8920491,67.0735131,Asia
85769294,2018,Johan Dahlstrand,Hospital for Sick Children,Toronto,Ontario,Canada,43.6576007,-79.38650109999999,North America
85769294,2018,Peter Friberg,SickKids Foundation,Toronto,Ontario,Canada,43.6562592,-79.3884499,North America
85769294,2018,Lawrence O. Gostin,Georgetown University,Washington,District of Columbia,United States,38.9076089,-77.07225849999999,North America
85769294,2018,Måns Nilsson,KTH Royal Institute of Technology,Stockholm,Stockholms län,Sweden,59.3498706,18.0702566,Europe
85769294,2018,Nelson Sewankambo,Stockholm Environment Institute,Stockholm,Stockholm County,Sweden,59.3327036,18.0656255,Europe
85769294,2018,Göran Tomson,Makerere University,Kampala,Central Region,Uganda,0.3326347,32.5685861,Africa
85769294,2018,Tobias Alfvén,Karolinska Institutet,,,,,,
61839313,2018,Alice Albright,London School of Hygiene & Tropical Medicine,London,England,United Kingdom,51.5209041,-0.1303123,Europe
26813083,2018,Victor Sukhonos,Sumy State University,Sumy,Sums'ka oblast,Ukraine,50.89226439999999,34.84181030000001,Europe
26813083,2018,Інна Макаренко,Sumy State University,Sumy,Sums'ka oblast,Ukraine,50.89226439999999,34.84181030000001,Europe
26813083,2018,Yuliіa Serpeninova,Sumy State University,Sumy,Sums'ka oblast,Ukraine,50.89226439999999,34.84181030000001,Europe
26813083,2018,Gunay Qasimova,Khazar University,Baku,,Azerbaijan,40.373352,49.8333129,Asia
20682805,2018,Caroline Storr,McGill University,Montréal,Québec,Canada,45.50601839999999,-73.5783235,North America
20682805,2018,Janna MacLachlan,McGill University,Montréal,Québec,Canada,45.50601839999999,-73.5783235,North America
20682805,2018,Dinesh Krishna,Public Health Ontario,,Ontario,Canada,51.253775,-85.3232139,North America
20682805,2018,Ramasubramanian Ponnusamy,University of Toronto,,,,,,
20682805,2018,Donna Drynan,CARE Canada,,,,,,
20682805,2018,Carmen Moliner,CARE Canada,,,,,,
20682805,2018,Kristina McLaughlin,University of Toronto,,,,,,
20682805,2018,Susanne Murphy,University of British Columbia,Vancouver,British Columbia,Canada,49.26060520000001,-123.2459939,North America
20682805,2018,Megan Edgelow,Université de Sherbrooke,Sherbrooke,Quebec,Canada,45.4042669,-71.89367399999999,North America
20682805,2018,Margaret Anne Campbell-Rempel,CARE Canada,,,,,,
20682805,2018,Ann Bossers,Western University,London,Ontario,Canada,43.0095971,-81.2737336,North America
20682805,2018,Heidi Lauckner,Queen's University,Kingston,Ontario,Canada,44.2252795,-76.49514119999999,North America
20682805,2018,Debra Cameron,Queen's University,Kingston,Ontario,Canada,44.2252795,-76.49514119999999,North America
50533625,2018,Liliana A. Ponguta,Yale University,New Haven,Connecticut,United States,41.3163244,-72.92234309999999,North America
50533625,2018,Chelsea Donaldson,United Nations Children's Fund,,,,,,
50533625,2018,Friedrich W. Affolter,Queen's University Belfast,Belfast,Northern Ireland,United Kingdom,54.5844087,-5.9340494,Europe
50533625,2018,Paul Connolly,Queen's University Belfast,Belfast,Northern Ireland,United Kingdom,54.5844087,-5.9340494,Europe
50533625,2018,Laura Dunne,Queen's University Belfast,Belfast,Northern Ireland,United Kingdom,54.5844087,-5.9340494,Europe
50533625,2018,Sarah Miller,United Nations Children's Fund,,,,,,
50533625,2018,Pia Rebello Britto,Yale University,New Haven,Connecticut,United States,41.3163244,-72.92234309999999,North America
50533625,2018,Rima Salah,Yale University,New Haven,Connecticut,United States,41.3163244,-72.92234309999999,North America
11112397,2018,Margaret Chon,Seattle University,Seattle,Washington,United States,47.6091765,-122.3178465,North America
11112397,2018,Pedro Roffe,Agence internationale de l'énergie,,,,,,
11112397,2018,Ahmed A. Abd El‐Latif,International Renewable Energy Agency,,,,,,
36293476,2018,Obinna Ositadimma Oleribe,Excellence & Friends Management Care Centre,,,,,,
36293476,2018,Babatunde Lawal Salako,Royal College of Physicians,London,England,United Kingdom,51.5257424,-0.145168,Europe
36293476,2018,Albert Akpalu,West African College of Physicians,,,,,,
36293476,2018,Emmanuel Anteyi,West African College of Physicians,,,,,,
36293476,2018,Mamadou Mourtalla Ka,"University College Hospital, Ibadan",Ibadan,Oyo,Nigeria,7.401860099999999,3.9020597,Africa
36293476,2018,Gibrilla F. Deen,University of Ibadan,Ibadan,Oyo,Nigeria,7.3775507,3.9470625,Africa
36293476,2018,Temilola Akande,West African College of Physicians,,,,,,
36293476,2018,Mei Ran Abellona U,Korle Bu Teaching Hospital,Accra,Greater Accra Region,Ghana,5.536607,-0.2264091,Africa
36293476,2018,Maud Lemoine,National Hospital Abuja,Abuja,Federal Capital Territory,Nigeria,9.0406064,7.4617596,Africa
36293476,2018,Mairi McConnochie,West African College of Physicians,,,,,,
36293476,2018,Matthew E. Foster,Université de Thiès,Thies,Thiès Region,Senegal,14.7936825,-16.962743,Africa
36293476,2018,Richard Walker,West African College of Physicians,,,,,,
36293476,2018,Simon D. Taylor‐Robinson,West African College of Physicians,,,,,,
36293476,2018,Ali S M Jawad,University of Sierra Leone,Batpela,Northern Province,Sierra Leone,8.460555,-11.779889,Africa
78517080,2018,Predrag Vuković,Institute of Agricultural Economics Belgrade,Belgrade,,Serbia,44.8125449,20.46123,Europe
78517080,2018,Svetlana Roljević Nikolić,Institute of Agricultural Economics Belgrade,Belgrade,,Serbia,44.8125449,20.46123,Europe
47984083,2018,Paul Oburu,,,,,,,
47984083,2018,Hirokazu Yoshikawa,,,,,,,
28656529,2018,Ayşem Mert,Policy Analysis (United States),Abbeyville,Colorado,United States,38.7945952,-106.5348379,North America
28656529,2018,Philipp Pattberg,Policy Analysis (United States),Abbeyville,Colorado,United States,38.7945952,-106.5348379,North America
23350474,2018,Alleman Douglas,University of Colorado Boulder,Boulder,Colorado,United States,40.0073499,-105.2659871,North America
23350474,2018,Gabriel Jobidon,University of Colorado System,Keystone,Colorado,United States,39.5500507,-105.7820674,North America
23350474,2018,Keith R. Molenaar,Université Laval,Québec,Québec,Canada,46.78174629999999,-71.2747424,North America
23350474,2018,Edmund V. Caplicki,University of Colorado System,Keystone,Colorado,United States,39.5500507,-105.7820674,North America
60993707,2019,Admos Chimhowu,University of Manchester,Manchester,England,United Kingdom,53.4656853,-2.232706,Europe
60993707,2019,David Hulme,University of Manchester,Manchester,England,United Kingdom,53.4656853,-2.232706,Europe
60993707,2019,Lauchlan T. Munro,University of Ottawa,Ottawa,Ontario,Canada,45.42310639999999,-75.68313289999999,North America
33874549,2019,Pascual Berrone,Universidad de Navarra,,,,,,
33874549,2019,Joan Ricart,Universidad de Navarra,,,,,,
33874549,2019,Ana Duch,Universidad de Navarra,,,,,,
33874549,2019,Valeria Bernardo,Barcelona School of Economics,Barcelona,Catalunya,Spain,41.389712,2.189701,Europe
33874549,2019,Jordi Salvador,Universitat de Barcelona,Barcelona,Catalunya,Spain,41.38667239999999,2.1638661,Europe
33874549,2019,Juan Piedra-Peña,Pompeu Fabra University,Barcelona,Catalunya,Spain,41.37896689999999,2.1797944,Europe
33874549,2019,Miquel Rodríguez Planas,Universidad de Navarra,,,,,,
16561109,2019,Benedicte Bull,University of Oslo,Oslo,Oslo,Norway,59.9404992,10.7215296,Europe
16561109,2019,Desmond McNeill,University of Oslo,Oslo,Oslo,Norway,59.9404992,10.7215296,Europe
60753305,2019,Espen Solheim-Kile,University of Agder,Kristiansand,Agder,Norway,58.1638461,8.0030351,Europe
60753305,2019,Andreas Wald,University of Agder,Kristiansand,Agder,Norway,58.1638461,8.0030351,Europe
32732694,2019,Isabel B. Franco,United Nations University Institute for the Advanced Study of Sustainability,Shibuya,Tokyo,Japan,35.6624735,139.7083881,Asia
9559961,2019,Yang Liu,Northwestern Polytechnical University,Xi An Shi,Shan Xi Sheng,China,34.2459632,108.9138675,Asia
9559961,2019,Moses Olabhele Esangbedo,Northwestern Polytechnical University,Xi An Shi,Shan Xi Sheng,China,34.2459632,108.9138675,Asia
9559961,2019,Sijun Bai,Northwestern Polytechnical University,Xi An Shi,Shan Xi Sheng,China,34.2459632,108.9138675,Asia
56548891,2019,Anna Kalbarczyk,Johns Hopkins University,Baltimore,Maryland,United States,39.3299013,-76.6205177,North America
56548891,2019,Wendy Davis,American University,Washington,District of Columbia,United States,38.9380155,-77.088922,North America
56548891,2019,Sam Kalibala,Population Council,,,,,,
56548891,2019,Scott Geibel,Population Council,,,,,,
56548891,2019,Aisha Yansaneh,United States Agency for International Development,,,,,,
56548891,2019,Nina A. Martin,Johns Hopkins University,Baltimore,Maryland,United States,39.3299013,-76.6205177,North America
56548891,2019,Ellen Weiss,Population Council,,,,,,
56548891,2019,Deanna Kerrigan,American University,Washington,District of Columbia,United States,38.9380155,-77.088922,North America
56548891,2019,Yukari C. Manabe,Johns Hopkins Medicine,Baltimore,Maryland,United States,39.2992161,-76.5933799,North America
18978788,2019,Anne Egelston,Tarleton State University,Stephenville,Texas,United States,32.2160433,-98.215953,North America
18978788,2019,Scott Cook,Tarleton State University,Stephenville,Texas,United States,32.2160433,-98.215953,North America
18978788,2019,Tú Anh Nguyễn,Tarleton State University,Stephenville,Texas,United States,32.2160433,-98.215953,North America
18978788,2019,Samantha Shaffer,Tarleton State University,Stephenville,Texas,United States,32.2160433,-98.215953,North America
8223035,2019,David Humphreys,Kyoto University,Kyoto,Kyoto,Japan,35.0262444,135.7808218,Asia
40839308,2019,Kelsey Gradwohl,Northwestern University,Evanston,Illinois,United States,42.0564594,-87.67526699999999,North America
40839308,2019,Gordoń Wood,Northwestern University,Evanston,Illinois,United States,42.0564594,-87.67526699999999,North America
40839308,2019,Katie Clepp,Northwestern Memorial Hospital,Chicago,Illinois,United States,41.8947049,-87.62148580000002,North America
40839308,2019,Liza Rivnay,Northwestern University,Evanston,Illinois,United States,42.0564594,-87.67526699999999,North America
40839308,2019,Eytan Szmuilowicz,Northwestern University,Evanston,Illinois,United States,42.0564594,-87.67526699999999,North America
51582004,2019,Kyoji Sassa,,,,,,,
36161200,2019,João V. Vítola,,,,,,,
36161200,2019,Miguel Morita Fernandes-Silva,,,,,,,
85189356,2019,David Humphreys,,,,,,,
85189356,2019,Benjamin Singer,,,,,,,
85189356,2019,Kathleen McGinley,,,,,,,
85189356,2019,Roy L. Smith,,,,,,,
85189356,2019,Jessica Budds,,,,,,,
85189356,2019,Mónica Gabay,,,,,,,
85189356,2019,Shonil A. Bhagwat,,,,,,,
85189356,2019,Wil de Jong,,,,,,,
85189356,2019,Helen Newing,,,,,,,
85189356,2019,Charlotte Cross,,,,,,,
85189356,2019,Poshendra Satyal,,,,,,,
2439196,2019,Scott A. Hipsher,Webster University Thailand,Tambon Sampraya,Chang Wat Phetchaburi,Thailand,12.6570634,99.8512878,Asia
92752144,2019,Laurel Steinfield,Bentley University,Waltham,Massachusetts,United States,42.3855321,-71.2217903,North America
92752144,2019,Wendy Hein,"Birkbeck, University of London",London,England,United Kingdom,51.5218563,-0.1303146,Europe
28416266,2019,Jason L. Taylor,University of Utah,Salt Lake City,Utah,United States,40.7649368,-111.8421021,North America
28416266,2019,Mike Martineau,University of Utah,Salt Lake City,Utah,United States,40.7649368,-111.8421021,North America
1984747,2019,Oda Hustad,Roskilde University,Roskilde,,Denmark,55.65320699999999,12.14078,Europe
82699182,2019,William E. Rosa,University of Pennsylvania,Philadelphia,Pennsylvania,United States,39.9515013,-75.1910161,North America
82699182,2019,Michele J. Upvall,University of Central Florida,Orlando,Florida,United States,28.6024274,-81.2000599,North America
82699182,2019,Jeanne Leffers,Florida College,Temple Terrace,Florida,United States,28.034575,-82.3834526,North America
90908169,2019,Eoghan Kelly,,,,,,,
90908169,2019,Katharina Lange,,,,,,,
9452662,2019,Rabin Gautam,,,,,,,
39331195,2020,Gabriel Eweje,Massey University,,,,,,
39331195,2020,Aymen Sajjad,Massey University,,,,,,
39331195,2020,Shobod Deba Nath,University of Dhaka,Dhaka,Dhaka Division,Bangladesh,23.7339483,90.3929252,Asia
39331195,2020,Kazunori Kobayashi,Dhaka International University,Dhaka,Dhaka Division,Bangladesh,23.7937364,90.4471447,Asia
50665730,2020,Anna de Visser-Amundson,Hotelschool The Hague,Den Haag,Zuid-Holland,Netherlands,52.1076895,4.292195899999999,Europe
53413689,2020,De‐Graft Owusu‐Manu,Kwame Nkrumah University of Science and Technology,Kumasi,Ashanti Region,Ghana,6.674503499999999,-1.5716114,Africa
53413689,2020,Thomas Kankam Adjei,Kwame Nkrumah University of Science and Technology,Kumasi,Ashanti Region,Ghana,6.674503499999999,-1.5716114,Africa
53413689,2020,David Mensah Sackey,Kwame Nkrumah University of Science and Technology,Kumasi,Ashanti Region,Ghana,6.674503499999999,-1.5716114,Africa
53413689,2020,David J. Edwards,Birmingham City University,Birmingham,England,United Kingdom,52.4831505,-1.882798,Europe
53413689,2020,M. Reza Hosseini,Deakin University,,,,,,
32921170,2020,Rosalia G. Castillo-Villar,University of Monterrey,San Pedro Garza García,Nuevo León,Mexico,25.6609576,-100.4202461,North America
53620885,2020,Md. Nazmul Haque,Khulna University of Engineering and Technology,Khulna,Khulna Division,Bangladesh,22.9005524,89.50235649999999,Asia
53620885,2020,Mustafa Saroar,Khulna University of Engineering and Technology,Khulna,Khulna Division,Bangladesh,22.9005524,89.50235649999999,Asia
53620885,2020,Md. Abdul Fattah,Khulna University of Engineering and Technology,Khulna,Khulna Division,Bangladesh,22.9005524,89.50235649999999,Asia
53620885,2020,Syed Riad Morshed,Khulna University of Engineering and Technology,Khulna,Khulna Division,Bangladesh,22.9005524,89.50235649999999,Asia
36784018,2020,Joyce Addo-Atuah,Touro College,New York,New York,United States,40.7566955,-73.9866995,North America
36784018,2020,Batoul Senhaji-Tomza,Touro College,New York,New York,United States,40.7566955,-73.9866995,North America
36784018,2020,Dipan Ray,Touro College,New York,New York,United States,40.7566955,-73.9866995,North America
36784018,2020,Paramita Basu,Touro College,New York,New York,United States,40.7566955,-73.9866995,North America
36784018,2020,F. Ellen Loh,Touro College,New York,New York,United States,40.7566955,-73.9866995,North America
36784018,2020,Frances Thelma Owusu-Daaku,Kwame Nkrumah University of Science and Technology,Kumasi,Ashanti Region,Ghana,6.674503499999999,-1.5716114,Africa
34116792,2020,Jacobo Ramírez,Copenhagen Business School,Frederiksberg,,Denmark,55.68156519999999,12.5296944,Europe
46190422,2020,Aparajita Banerjee,University College Dublin,Dublin 4,County Dublin,Ireland,53.3097268,-6.2215897,Europe
46190422,2020,Enda Murphy,University College Dublin,Dublin 4,County Dublin,Ireland,53.3097268,-6.2215897,Europe
46190422,2020,Patrick Paul Walsh,University College Dublin,Dublin 4,County Dublin,Ireland,53.3097268,-6.2215897,Europe
70488192,2020,Antonio Sianes,Universidad Loyola Andalucía,Dos Hermanas,Andalucía,Spain,37.306615,-5.9423851,Europe
70488192,2020,Rocío Vela-Jiménez,Universidad Loyola Andalucía,Dos Hermanas,Andalucía,Spain,37.306615,-5.9423851,Europe
41771961,2020,Theresa Gehringer,University of Basel,Basel,Basel-Stadt,Switzerland,47.5585281,7.5838692,Europe
85973592,2020,Ralph Horne,RMIT University,Melbourne,Victoria,Australia,-37.8083331,144.9639386,Oceania
85973592,2020,Joana Correia,RMIT University,Melbourne,Victoria,Australia,-37.8083331,144.9639386,Oceania
85973592,2020,Hannah Badland,RMIT University,Melbourne,Victoria,Australia,-37.8083331,144.9639386,Oceania
85973592,2020,Amanda Alderton,RMIT University,Melbourne,Victoria,Australia,-37.8083331,144.9639386,Oceania
66061794,2020,Nataliya Pochernina,Tavria State Agrotechnological University,Melitopol',Zaporiz'ka oblast,Ukraine,46.8462909,35.3732396,Europe
65346487,2020,Serena Li,,,,,,,
65346487,2020,Erin Gray,,,,,,,
65346487,2020,Maggie Dennis,,,,,,,
9278629,2020,R. Mark Simpson,,,,,,,
9278629,2020,Shelley Hoover,,,,,,,
9278629,2020,Barbara J. Davis,,,,,,,
9278629,2020,J. Douglas Hickerson,,,,,,,
9278629,2020,Margaret A. Miller,,,,,,,
9278629,2020,Matti Kiupel,,,,,,,
9278629,2020,John M. Cullen,,,,,,,
9278629,2020,Jennifer E. Dwyer,,,,,,,
9278629,2020,Bih‐Rong Wei,,,,,,,
9278629,2020,Thomas J. Rosol,,,,,,,
9278629,2020,Joe N. Kornegay,,,,,,,
9278629,2020,Siba K. Samal,,,,,,,
69172311,2020,Oda Hustad,Roskilde University,Roskilde,,Denmark,55.65320699999999,12.14078,Europe
38253745,2020,I.Yu. Merzlov,Solikamsk State Pedagogical Institute,Solikamsk,Perm Krai,Russia,59.6720331,56.7557668,Europe
85988311,2020,Evgenia A. Starikova,Moscow State Institute of International Relations,Moskva,Moskva,Russia,55.6728244,37.484662,Europe
42572124,2020,Deborah E. de Lange,Toronto Metropolitan University,Toronto,Ontario,Canada,43.6577145,-79.3792359,North America
26844130,2020,Naim Kapucu,University of Central Florida,Orlando,Florida,United States,28.6024274,-81.2000599,North America
26844130,2020,Sean Beaudet,University of Central Florida,Orlando,Florida,United States,28.6024274,-81.2000599,North America
20851179,2020,Heba Abu,University of Jordan,Amman,Amman Governorate,Jordan,32.0161048,35.8695456,Asia
20851179,2020,Eyadah Prof,University of Jordan,Amman,Amman Governorate,Jordan,32.0161048,35.8695456,Asia
37685024,2020,Tracy K. Collier,RMIT University,Melbourne,Victoria,Australia,-37.8083331,144.9639386,Oceania
2105912,2020,Oluwaseun James Oguntuase,Lagos State University,Lagos,Lagos,Nigeria,6.4663553,3.2003007,Africa
3314957,2020,Peter Cox,University of Chester,,,,,,
32652244,2020,Tashmin Khamis,,,,,,,
32652244,2020,Anil Khamis,,,,,,,
77842788,2020,Arnaud Diemer,Université Jean Monnet,Saint-Étienne,Auvergne-Rhône-Alpes,France,45.4247661,4.3926886,Europe
77842788,2020,David Collste,Université Jean Monnet,Saint-Étienne,Auvergne-Rhône-Alpes,France,45.4247661,4.3926886,Europe
77842788,2020,Nathalie Spittler,Université Jean Monnet,Saint-Étienne,Auvergne-Rhône-Alpes,France,45.4247661,4.3926886,Europe
62834406,2021,Larissa Oliveira Duarte,Universidade de São Paulo,São Paulo,State of São Paulo,Brazil,-23.5557714,-46.6395571,South America
62834406,2021,Diane Aparecida Reis,Universidade de São Paulo,São Paulo,State of São Paulo,Brazil,-23.5557714,-46.6395571,South America
62834406,2021,André Leme Fleury,Universidade de São Paulo,São Paulo,State of São Paulo,Brazil,-23.5557714,-46.6395571,South America
62834406,2021,Rosana Aparecida Vasques,Universidade de São Paulo,São Paulo,State of São Paulo,Brazil,-23.5557714,-46.6395571,South America
62834406,2021,Homero Fonseca,Universidade de São Paulo,São Paulo,State of São Paulo,Brazil,-23.5557714,-46.6395571,South America
62834406,2021,Mikko Koria,Loughborough University,Loughborough,England,United Kingdom,52.7650253,-1.2320904,Europe
62834406,2021,Júlia Baruque-Ramos,Universidade de São Paulo,São Paulo,State of São Paulo,Brazil,-23.5557714,-46.6395571,South America
30630084,2021,Eduardo Ordonez‐Ponce,Athabasca University,Athabasca,Alberta,Canada,54.714955,-113.308545,North America
30630084,2021,Amelia Clarke,University of Waterloo,Waterloo,Ontario,Canada,43.4722854,-80.5448576,North America
30630084,2021,Adriane MacDonald,University of Lethbridge,Lethbridge,Alberta,Canada,49.6956181,-112.8451067,North America
46241630,2021,Hakkı Emrah Erdoğan,Federal Office for the Environment,Ittigen,Bern,Switzerland,46.9735814,7.4801908,Europe
46241630,2021,Elena Havlicek,University of Palermo,Palermo,Sicilia,Italy,38.1174347,13.3700307,Europe
46241630,2021,Carmelo Dazzi,Joint Research Centre,,,,,,
46241630,2021,Luca Montanarella,Joint Research Centre,,,,,,
46241630,2021,Marc Van Liedekerke,Agricultural institute of Slovenia,Zagorje ob Savi,Zagorje ob Savi,Slovenia,46.151241,14.995463,Europe
46241630,2021,Borut Vrščaj,College of Environmental Protection,,,,,,
46241630,2021,Pavel Krasilnikov,Lomonosov Moscow State University,Moskva,Moskva,Russia,55.70393490000001,37.5286695,Europe
46241630,2021,Gulchekhra Khasankhanova,Ministry of Health of the Republic of Uzbekistan,Muruntau,Navoiy viloyati,Uzbekistan,41.377491,64.585262,Asia
46241630,2021,Rodrigo Vargas,Food and Agriculture Organization of the United Nations,,,,,,
58588780,2021,Christian Hauser,University of Applied Sciences of the Grisons,Chur,Graubünden,Switzerland,46.8528811,9.512661,Europe
58588780,2021,Annmarie Ryan,University of Limerick,Limerick,County Limerick,Ireland,52.6735881,-8.5724372,Europe
26500166,2021,David Murphy,University of Cumbria,Carlisle,England,United Kingdom,54.89086870000001,-2.922218,Europe
26500166,2021,Leda Stott,Universidad Politécnica de Madrid,Madrid,Community of Madrid,Spain,40.41672790000001,-3.7032905,Europe
3470151,2021,Іryna Pеtrova,,,,,,,
1371017,2021,Holly Wescott,"National University of Ireland, Maynooth",Maynooth,County Kildare,Ireland,53.3846707,-6.6006075,Europe
1371017,2021,Malcolm MacLachlan,"National University of Ireland, Maynooth",Maynooth,County Kildare,Ireland,53.3846707,-6.6006075,Europe
1371017,2021,Hasheem Mannan,Flame University,Pune,Maharashtra,India,18.5233078,73.7317384,Asia
64953728,2021,Shynar Uzakova,Satbayev University,Almaty,Almaty,Kazakhstan,43.237084,76.931354,Asia
64953728,2021,A. Nurlanov,Satbayev University,Almaty,Almaty,Kazakhstan,43.237084,76.931354,Asia
32949694,2021,Hortensia Castañeda-Hidalgo,Autonomous University of Tamaulipas,Ciudad Victoria,Tamaulipas,Mexico,23.7325086,-99.1446325,North America
32949694,2021,Constance Visovsky,Florida College,Temple Terrace,Florida,United States,28.034575,-82.3834526,North America
32949694,2021,Dolores Eunice Hernández,University of South Florida,Tampa,Florida,United States,28.0587031,-82.41385389999999,North America
32949694,2021,Nora Hilda González-Quirarte,Autonomous University of Tamaulipas,Ciudad Victoria,Tamaulipas,Mexico,23.7325086,-99.1446325,North America
32949694,2021,Lidia G. Compeán-Ortiz,Autonomous University of Tamaulipas,Ciudad Victoria,Tamaulipas,Mexico,23.7325086,-99.1446325,North America
32949694,2021,Susana Campino,Autonomous University of Tamaulipas,Ciudad Victoria,Tamaulipas,Mexico,23.7325086,-99.1446325,North America
87781321,2021,Steve Sider,Wilfrid Laurier University,Waterloo,Ontario,Canada,43.4738499,-80.5274701,North America
87781321,2021,Jhonel Morvan,Brock University,St. Catharines,Ontario,Canada,43.1181324,-79.247686,North America
87781321,2021,Megan Börner,Institute for Clinical Evaluative Sciences,,,,,,
19372256,2021,David Murphy,,,,,,,
19372256,2021,Leda Stott,,,,,,,
48423645,2021,Zaffar Sadiq Mohamed-Ghouse,Vision Australia,,,,,,
48423645,2021,Cheryl Desha,Griffith University,Nathan,Queensland,Australia,-27.5530181,153.0510796,Oceania
48423645,2021,Abbas Rajabifard,CRC for Spatial information,,,,,,
48423645,2021,Michelle Blicavs,University of Melbourne,Parkville,Victoria,Australia,-37.7983459,144.960974,Oceania
48423645,2021,Graeme Martin,Australian Association of Gerontology,St Kilda,Victoria,Australia,-37.8653771,144.9865294,Oceania
14936093,2021,Laurel Steinfield,Bentley University,Waltham,Massachusetts,United States,42.3855321,-71.2217903,North America
14936093,2021,Wendy Hein,"Birkbeck, University of London",London,England,United Kingdom,51.5218563,-0.1303146,Europe
76480209,2021,Liberty Kudzai Masekesa,Candid,,,,,,
38497177,2021,Sebastian Zwalf,Monash University,Clayton,Victoria,Australia,-37.9142416,145.1346592,Oceania
38829445,2021,Scott A. Hipsher,Webster University Thailand,Tambon Sampraya,Chang Wat Phetchaburi,Thailand,12.6570634,99.8512878,Asia
82899023,2021,Tatiana N. Gogoleva,Voronezh State University,Voronez,Voronezhskaya oblast',Russia,51.65667,39.206036,Europe
82899023,2021,V I Kostyleva,Voronezh State University,Voronez,Voronezhskaya oblast',Russia,51.65667,39.206036,Europe
82899023,2021,Pavel A. Kanapukhin,Voronezh State University,Voronez,Voronezhskaya oblast',Russia,51.65667,39.206036,Europe
82899023,2021,S A Zvyagin,Plekhanov Russian University of Economics,Moskva,Moskva,Russia,55.7273484,37.62757860000001,Europe
5747359,2021,Christine Wulandari,Lampung University,,Lampung,Indonesia,-5.3641812,105.2428973,Asia
5747359,2021,Novriyanti Novriyanti,Lampung University,,Lampung,Indonesia,-5.3641812,105.2428973,Asia
5747359,2021,Dian Iswandaru,Lampung University,,Lampung,Indonesia,-5.3641812,105.2428973,Asia
92277672,2021,Mphathesithe Mzwandile Mkhize,,,,,,,
80651359,2021,Tan Tan,Shanghai University of Political Science and Law,,Shang Hai Shi,China,31.187184,121.434377,Asia
80651359,2021,M. A. German,Shanghai University of Political Science and Law,,Shang Hai Shi,China,31.187184,121.434377,Asia
64450430,2021,Arnaud Diemer,Université Clermont Auvergne,Clermont-Ferrand,Auvergne-Rhône-Alpes,France,45.7756876,3.0918641,Europe
64450430,2021,David Collste,Université Clermont Auvergne,Clermont-Ferrand,Auvergne-Rhône-Alpes,France,45.7756876,3.0918641,Europe
64450430,2021,Nathalie Spittler,Stockholm University,Stockholm,Stockholms län,Sweden,59.3652343,18.0550487,Europe
92338287,2021,Deborah E. de Lange,Toronto Metropolitan University,Toronto,Ontario,Canada,43.6577145,-79.3792359,North America
90944287,2021,Christine Wulandari,Lampung University,,Lampung,Indonesia,-5.3641812,105.2428973,Asia
90944287,2021,Novriyanti Novriyanti,Lampung University,,Lampung,Indonesia,-5.3641812,105.2428973,Asia
90944287,2021,Dian Iswandaru,Lampung University,,Lampung,Indonesia,-5.3641812,105.2428973,Asia
28288359,2021,Dominique Darmendrail,Bureau de Recherches Géologiques et Minières,,,,,,
28288359,2021,Alice Wemaere,Environmental Protection Agency,,,,,,
53216813,2021,Choiwai Maggie Chak,Federal Ministry of Education and Research,,,,,,
53216813,2021,Lara Carminati,HCL Technologies (India),Ponnur,Andhra Pradesh,India,20.593684,78.96288,Asia
53216813,2021,Celeste P.M. Wilderom,HCL Technologies (India),Ponnur,Andhra Pradesh,India,20.593684,78.96288,Asia
72435132,2021,Christine Wulandari,Lampung University,,Lampung,Indonesia,-5.3641812,105.2428973,Asia
72435132,2021,Novriyanti Novriyanti,Lampung University,,Lampung,Indonesia,-5.3641812,105.2428973,Asia
72435132,2021,Dian Iswandaru,Lampung University,,Lampung,Indonesia,-5.3641812,105.2428973,Asia
98120199,2021,Tracy K. Collier,RMIT University,Melbourne,Victoria,Australia,-37.8083331,144.9639386,Oceania
59298869,2021,Oluwaseun James Oguntuase,Lagos State University,Lagos,Lagos,Nigeria,6.4663553,3.2003007,Africa
86139367,2021,Peter Cox,University of Chester,,,,,,
29924617,2021,Alexandros Kailis,Panteion University,Kallithea,,Greece,37.9595266,23.7193918,Europe
89717342,2022,Hiromi Masuda,Hosei University,Chiyoda City,Tokyo,Japan,35.6958117,139.74161,Asia
89717342,2022,Shun Kawakubo,United Nations University Institute for Sustainability and Peace,,,,,,
89717342,2022,Mahesti Okitasari,United Nations University Institute for the Advanced Study of Sustainability,Shibuya,Tokyo,Japan,35.6624735,139.7083881,Asia
89717342,2022,Kanako Morita,Hosei University,Chiyoda City,Tokyo,Japan,35.6958117,139.74161,Asia
54890063,2022,Walter Leal Filho,Manchester Metropolitan University,Manchester,England,United Kingdom,53.4703704,-2.2391476,Europe
54890063,2022,Tony Wall,Liverpool John Moores University,Liverpool,England,United Kingdom,53.4065486,-2.9751835,Europe
54890063,2022,Jelena Barbir,HAW Hamburg,Hamburg,Hamburg,Germany,53.55620949999999,10.0225391,Europe
54890063,2022,Gabriela Nagle Alverio,Universität Hamburg,Hamburg,Hamburg,Germany,53.5630754,9.9884042,Europe
54890063,2022,Maria Alzira Pimenta Dinis,Duke University,Durham,North Carolina,United States,36.0014258,-78.9382286,North America
54890063,2022,Julianna Paola Ramírez Lozano,Fernando Pessoa University,Porto,Porto,Portugal,41.1728847,-8.6111563,Europe
79659006,2022,Stephanie R. Duea,University of North Carolina Wilmington,Wilmington,North Carolina,United States,34.223874,-77.8696036,North America
79659006,2022,Emily B. Zimmerman,Virginia Commonwealth University,Richmond,Virginia,United States,37.5469205,-77.45416449999999,North America
79659006,2022,Lisa M. Vaughn,Cincinnati Children's Hospital Medical Center,Cincinnati,Ohio,United States,39.1403437,-84.501763,North America
79659006,2022,Sónia Dias,University of Cincinnati,Cincinnati,Ohio,United States,39.1329219,-84.51495039999999,North America
79659006,2022,Janet Harris,National School of Public Health,Lisboa,Lisboa,Portugal,38.76439329999999,-9.1631914,Europe
24964976,2022,David Horan,University College Dublin,Dublin 4,County Dublin,Ireland,53.3097268,-6.2215897,Europe
63223697,2022,Minxun Ma,Shandong Management University,Ji Nan Shi,Shandong,China,36.6682599,117.02076,Asia
63223697,2022,Nannan Wang,Shandong University,Ji Nan Shi,Shan Dong Sheng,China,36.64893,117.029014,Asia
63223697,2022,Wenjian Mu,Dalian Maritime University,Da Lian Shi,Liao Ning Sheng,China,38.870041,121.534141,Asia
63223697,2022,Lin Zhang,Dalian Maritime University,Da Lian Shi,Liao Ning Sheng,China,38.870041,121.534141,Asia
14628753,2022,Naima Samuel,University of Waterloo,Waterloo,Ontario,Canada,43.4722854,-80.5448576,North America
14628753,2022,Amelia Clarke,University of Waterloo,Waterloo,Ontario,Canada,43.4722854,-80.5448576,North America
692887,2022,Ivan Paunović,Hochschule Bonn-Rhein-Sieg,Sankt Augustin,Nordrhein-Westfalen,Germany,50.7798976,7.182143600000001,Europe
692887,2022,Cathleen Müller,Hochschule Bonn-Rhein-Sieg,Sankt Augustin,Nordrhein-Westfalen,Germany,50.7798976,7.182143600000001,Europe
692887,2022,Klaus Deimel,Hochschule Bonn-Rhein-Sieg,Sankt Augustin,Nordrhein-Westfalen,Germany,50.7798976,7.182143600000001,Europe
3878684,2022,José Ignacio Galán Zazo,Universidad de Salamanca,Salamanca,Castilla y León,Spain,40.9613376,-5.666925099999999,Europe
3878684,2022,J. Vicente,Universidad Rey Juan Carlos,Móstoles,Comunidad de Madrid,Spain,40.3354484,-3.8773451,Europe
63590566,2022,Chelsea L. Sommer,Florida International University,Miami,Florida,United States,25.7562465,-80.3755401,North America
63590566,2022,Catherine Crowley,Columbia University,New York,New York,United States,40.8075355,-73.9625727,North America
63590566,2022,Gemma Moya‐Galé,Long Island University,Greenvale,New York,United States,40.8198945,-73.5952241,North America
63590566,2022,Edouardo Adjassin,University of Santo Tomas,Manila,Metro Manila,Philippines,14.6098055,120.9895794,Asia
63590566,2022,Evelyn Caceres,Smile Train,,,,,,
63590566,2022,Veronica Yu,Lagos State Health Service Commission,Lagos,Lagos,Nigeria,6.448452899999999,3.3971254,Africa
63590566,2022,Kimmy Coseteng-Flaviano,Film Independent,,,,,,
63590566,2022,Nkeiruka Obi,Ghana Education Service,,Bono East Region,Ghana,7.946527,-1.023194,Africa
63590566,2022,Pamela Sheeran,Long Island University,Greenvale,New York,United States,40.8198945,-73.5952241,North America
6401797,2022,Camille M. Wilson,University of Michigan–Ann Arbor,Ann Arbor,Michigan,United States,42.277145,-83.7382071,North America
6401797,2022,Dana Nickson,University of Washington,Seattle,Washington,United States,47.65671709999999,-122.3066181,North America
6401797,2022,Carolyn Hetrick,University of Michigan–Ann Arbor,Ann Arbor,Michigan,United States,42.277145,-83.7382071,North America
60569929,2022,Clare Carroll,Ollscoil na Gaillimhe – University of Galway,Galway,County Galway,Ireland,53.2808141,-9.0621908,Europe
60569929,2022,Ita Fitzgibbon,Ollscoil na Gaillimhe – University of Galway,Galway,County Galway,Ireland,53.2808141,-9.0621908,Europe
60569929,2022,Mari Caulfield,Ollscoil na Gaillimhe – University of Galway,Galway,County Galway,Ireland,53.2808141,-9.0621908,Europe
52723682,2022,Özgü Karakulak,University of Sussex,Falmer,England,United Kingdom,50.8677123,-0.0875492,Europe
52723682,2022,Lea Stadtler,Grenoble Ecole de Management,Grenoble,Auvergne-Rhône-Alpes,France,45.1901928,5.713203099999999,Europe
89686766,2022,Shabab Bin AHMED,Ministry of Home Affairs,,,,,,
89686766,2022,Mohammad Rezaul Karim,Ministry of Public Administration,Port of Spain,Port of Spain Corporation,Trinidad and Tobago,10.6518927,-61.5115965,North America
41021863,2022,Yuliya Zaloznova,Institute of Industrial Economics,,,,,,
41021863,2022,Іryna Pеtrova,National Academy of Sciences of Ukraine,Dobrovelychkivka,Kirovohrad Oblast,Ukraine,48.379433,31.16558,Europe
41021863,2022,O. Serdiuk,Institute of Industrial Economics,,,,,,
30898738,2022,Elise Baker,Camden and Campbelltown Hospitals,Campbelltown,New South Wales,Australia,-34.0785815,150.8064283,Oceania
30898738,2022,Weicong Li,Western Sydney University,,,,,,
30898738,2022,Rosemary Hodges,South Western Sydney Local Health District,Liverpool,New South Wales,Australia,-33.9198253,150.929232,Oceania
30898738,2022,Sarah Masso,Ingham Institute,Liverpool,New South Wales,Australia,-33.918361,150.930053,Oceania
30898738,2022,Caroline Jones,Camden and Campbelltown Hospitals,Campbelltown,New South Wales,Australia,-34.0785815,150.8064283,Oceania
30898738,2022,Yi Guo,Western Sydney University,,,,,,
30898738,2022,Mary Alt,Camden and Campbelltown Hospitals,Campbelltown,New South Wales,Australia,-34.0785815,150.8064283,Oceania
30898738,2022,Mark Antoniou,Western Sydney University,,,,,,
30898738,2022,Saeed Afshar,Speech Pathology Australia,,,,,,
30898738,2022,Katrina Tosi,University of Sydney,Camperdown,New South Wales,Australia,-33.8884041,151.1867648,Oceania
30898738,2022,Natalie Munro,Western Sydney University,,,,,,
90454364,2022,Liwen Ma,Beijing Normal University,,Bei Jing Shi,China,39.9619537,116.3662615,Asia
90454364,2022,Joseph L. Subbiondo,California Institute for Human Science,Encinitas,California,United States,33.0590515,-117.2600173,North America
2854194,2022,Sinan Küfeoğlu,University of Cambridge,Cambridge,England,United Kingdom,52.205356,0.113168,Europe
47449504,2022,Ryann Sowden,University of Bristol,Bristol,England,United Kingdom,51.4585376,-2.6021758,Europe
10617131,2022,Oda Hustad,Roskilde University,Roskilde,,Denmark,55.65320699999999,12.14078,Europe
59211016,2022,Loraine D. Cook,University of the West Indies System,Kingston,St. Andrew Parish,Jamaica,18.0059084,-76.746836,North America
59211016,2022,Michael Wigelsworth,University of Manchester,Manchester,England,United Kingdom,53.4656853,-2.232706,Europe
59211016,2022,Bruce Fletcher,University of the West Indies System,Kingston,St. Andrew Parish,Jamaica,18.0059084,-76.746836,North America
59211016,2022,Therese Ferguson,University of the West Indies System,Kingston,St. Andrew Parish,Jamaica,18.0059084,-76.746836,North America
59211016,2022,Sharline Cole,University of the West Indies System,Kingston,St. Andrew Parish,Jamaica,18.0059084,-76.746836,North America
29627060,2022,Courtney Anderson,University of the Sunshine Coast,Sippy Downs,Queensland,Australia,-26.7171007,153.0655898,Oceania
29627060,2022,Libby Swanepoel,University of the Sunshine Coast,Sippy Downs,Queensland,Australia,-26.7171007,153.0655898,Oceania
1296196,2022,Inolofatseng Lekaba,University of Johannesburg,Johannesburg,Gauteng,South Africa,-26.205647,28.0337185,Africa
1296196,2022,Trynos Gumbo,University of Johannesburg,Johannesburg,Gauteng,South Africa,-26.205647,28.0337185,Africa
1296196,2022,Kammila Naidoo,University of Johannesburg,Johannesburg,Gauteng,South Africa,-26.205647,28.0337185,Africa
2935809,2022,Susan Patrick,Learning Policy Institute,Palo Alto,California,United States,37.4147902,-122.1498566,North America
96710624,2022,Aparajita Banerjee,University College Dublin,Dublin 4,County Dublin,Ireland,53.3097268,-6.2215897,Europe
96710624,2022,Enda Murphy,University College Dublin,Dublin 4,County Dublin,Ireland,53.3097268,-6.2215897,Europe
96710624,2022,Patrick Paul Walsh,University College Dublin,Dublin 4,County Dublin,Ireland,53.3097268,-6.2215897,Europe
65328607,2022,Predrag Vuković,Institute of Agricultural Economics Belgrade,Belgrade,,Serbia,44.8125449,20.46123,Europe
65328607,2022,Svetlana Roljević Nikolić,Institute of Agricultural Economics Belgrade,Belgrade,,Serbia,44.8125449,20.46123,Europe
39952691,2022,Renae D. Schmidt,University of Miami,Coral Gables,Florida,United States,25.7173947,-80.2781262,North America
39952691,2022,F. Daniel Armstrong,University of Miami,Coral Gables,Florida,United States,25.7173947,-80.2781262,North America
39952691,2022,Viviana E. Horigian,University of Miami,Coral Gables,Florida,United States,25.7173947,-80.2781262,North America
39952691,2022,Graylyn Swilley-Woods,Youth Development,,,,,,
39952691,2022,Betty Alonso,University of Miami,Coral Gables,Florida,United States,25.7173947,-80.2781262,North America
39952691,2022,Douglene Jackson,University of Miami,Coral Gables,Florida,United States,25.7173947,-80.2781262,North America
39952691,2022,Ruby Natale,University of Miami,Coral Gables,Florida,United States,25.7173947,-80.2781262,North America
39952691,2022,Jason Jent,University of Miami,Coral Gables,Florida,United States,25.7173947,-80.2781262,North America
39952691,2022,Michelle Schladant,Youth Development,,,,,,
39952691,2022,Saliha Nelson,University of Miami,Coral Gables,Florida,United States,25.7173947,-80.2781262,North America
65511141,2022,Dominique Darmendrail,Environmental Protection Agency,,,,,,
67404921,2022,Naim Kapucu,University of Central Florida,Orlando,Florida,United States,28.6024274,-81.2000599,North America
67404921,2022,Sean Beaudet,University of Central Florida,Orlando,Florida,United States,28.6024274,-81.2000599,North America
61823581,2022,Comfort M Ateh,Providence College,Providence,Rhode Island,United States,41.8440047,-71.4347475,North America
45057110,2023,Ning Liu,Shandong University of Finance and Economics,Ji Nan Shi,Shan Dong Sheng,China,36.637008,117.072309,Asia
45057110,2023,Kashif Raza Abbasi,ILMA University,Karachi,Sindh,Pakistan,24.8084961,67.121085,Asia
45057110,2023,Khadim Hussain,Mirpur University of Science and Technology,New Mirpur City,,,33.149477,73.74501839999999,
45057110,2023,Rafael Alvarado,Universidad de Especialidades Espíritu Santo,Samborondón,Guayas,Ecuador,-2.1332819,-79.8660992,South America
45057110,2023,Muhammad Ramzan,Shandong University of Finance and Economics,Ji Nan Shi,Shan Dong Sheng,China,36.637008,117.072309,Asia
63001515,2023,Lisa-Maria Glass,Leuphana University of Lüneburg,Lüneburg,Niedersachsen,Germany,53.22895390000001,10.4013612,Europe
63001515,2023,Jens Newig,Leuphana University of Lüneburg,Lüneburg,Niedersachsen,Germany,53.22895390000001,10.4013612,Europe
63001515,2023,Simon Ruf,Leuphana University of Lüneburg,Lüneburg,Niedersachsen,Germany,53.22895390000001,10.4013612,Europe
24870036,2023,Aline Bento Ambrósio Avelar,Universidade Municipal de São Caetano do Sul,,São Paulo,Brazil,-23.6093188,-46.5736873,South America
24870036,2023,Keilla Dayane da Silva-Oliveira,Universidade Federal de Mato Grosso do Sul,,Mato Grosso do Sul,Brazil,-20.5044138,-54.614135,South America
24870036,2023,Milton Carlos Farina,Universidade Municipal de São Caetano do Sul,,São Paulo,Brazil,-23.6093188,-46.5736873,South America
58048635,2023,Walter Leal Filho,Universität Hamburg,Hamburg,Hamburg,Germany,53.5630754,9.9884042,Europe
58048635,2023,Thaís Aparecida Dibbern,HAW Hamburg,Hamburg,Hamburg,Germany,53.55620949999999,10.0225391,Europe
58048635,2023,Laís Viera Trevisan,Manchester Metropolitan University,Manchester,England,United Kingdom,53.4703704,-2.2391476,Europe
58048635,2023,Evandro Coggo Cristofoletti,Universidade Estadual de Campinas (UNICAMP),,São Paulo,Brazil,-22.8184393,-47.0647206,South America
58048635,2023,Maria Alzira Pimenta Dinis,Universidade Federal do Rio Grande do Sul,,State of Rio Grande do Sul,Brazil,-30.0339726,-51.2190483,South America
58048635,2023,Newton R. Matandirotya,Universidade Estadual de Campinas (UNICAMP),,São Paulo,Brazil,-22.8184393,-47.0647206,South America
58048635,2023,Javier Sierra,Fernando Pessoa University,Porto,Porto,Portugal,41.1728847,-8.6111563,Europe
58048635,2023,Kalterina Shulla,Nelson Mandela University,Gqeberha,Eastern Cape,South Africa,-34.00099420000001,25.6714865,Africa
58048635,2023,Gary Buttriss,Universidad de Salamanca,Salamanca,Castilla y León,Spain,40.9613376,-5.666925099999999,Europe
58048635,2023,Patrick L’Espoir Decosta,HAW Hamburg,Hamburg,Hamburg,Germany,53.55620949999999,10.0225391,Europe
58048635,2023,Marcellus Forh Mbah,Universität Hamburg,Hamburg,Hamburg,Germany,53.5630754,9.9884042,Europe
58048635,2023,Maruf Sanni,Australian National University,Canberra,Australian Capital Territory,Australia,-35.2812533,149.1183238,Oceania
57581348,2023,Aam Slamet Rusydiana,Airlangga University,,East Java,Indonesia,-7.269580499999999,112.7825799,Asia
57581348,2023,Raditya Sukmana,Airlangga University,,East Java,Indonesia,-7.269580499999999,112.7825799,Asia
57581348,2023,Nisful Laila,Airlangga University,,East Java,Indonesia,-7.269580499999999,112.7825799,Asia
5192330,2023,Tobias Bauckloh,University of Cologne,Köln,Nordrhein-Westfalen,Germany,50.9282632,6.9293608,Europe
5192330,2023,Juris Dobrick,University of Kassel,Kassel,Hessen,Germany,51.3218131,9.5059404,Europe
5192330,2023,André Höck,University of St. Gallen,St. Gallen,Sankt Gallen,Switzerland,47.431567,9.3749269,Europe
5192330,2023,Sebastian Utz,University of Augsburg,Augsburg,Bayern,Germany,48.33479759999999,10.8932404,Europe
5192330,2023,Marcus Wagner,University of Augsburg,Augsburg,Bayern,Germany,48.33479759999999,10.8932404,Europe
97293490,2023,Raymond P. Fisk,Texas State University,San Marcos,Texas,United States,29.888411,-97.938351,North America
97293490,2023,Sertan Kabadayi,Fordham University,,New York,United States,40.8614567,-73.8852771,North America
97293490,2023,Karim Sidaoui,Radboud University Nijmegen,Nijmegen,Gelderland,Netherlands,51.82204369999999,5.863582399999999,Europe
97293490,2023,Rodoula H. Tsiotsou,University of Macedonia,Thessaloniki,,Greece,40.6250129,22.9601085,Europe
64227826,2023,Hidenori Nakamura,Toyama Prefectural University,Imizu,Toyama,Japan,36.7062612,137.0978366,Asia
64227826,2023,Wei-Lin Chen,National Taipei University of Nursing and Health Science,,Taipei City,Taiwan,25.1175793,121.5214817,Asia
52845199,2023,Susie Ho,Monash University,Clayton,Victoria,Australia,-37.9142416,145.1346592,Oceania
52845199,2023,Gillian Bowser,Colorado State University,Fort Collins,Colorado,United States,40.5729432,-105.0848391,North America
52845199,2023,Pamela H. Templer,Michigan Technological University,Houghton,Michigan,United States,47.1167589,-88.54601149999999,North America
99889999,2023,S. Kislitsyn,Institute of World Economy and International Relations,Moskva,Moskva,Russia,55.6747254,37.5611912,Europe
8857003,2023,V. Krepl,Czech University of Life Sciences Prague,,Hlavní město Praha,Czechia,50.129994,14.373598,Europe
8857003,2023,Ghaeth Fandi,Czech Technical University in Prague,,Hlavní město Praha,Czechia,50.1031749,14.3947511,Europe
8857003,2023,Mohammad Rehabi,Czech University of Life Sciences Prague,,Hlavní město Praha,Czechia,50.129994,14.373598,Europe
8857003,2023,Safwan Ghanem,Czech University of Life Sciences Prague,,Hlavní město Praha,Czechia,50.129994,14.373598,Europe
8857003,2023,Fayez Jrad,Czech University of Life Sciences Prague,,Hlavní město Praha,Czechia,50.129994,14.373598,Europe
8857003,2023,Zdeněk Müller,Czech Technical University in Prague,,Hlavní město Praha,Czechia,50.1031749,14.3947511,Europe
8857003,2023,Ľuboš Smutka,Tishreen University,Latakia,Latakia Governorate,Syria,35.5226906,35.8073717,Asia
8857003,2023,Jan Kyncl,Czech Technical University in Prague,,Hlavní město Praha,Czechia,50.1031749,14.3947511,Europe
8857003,2023,Melkior Urbanus,Czech University of Life Sciences Prague,,Hlavní město Praha,Czechia,50.129994,14.373598,Europe
8857003,2023,Soliman Fandie,Czech Technical University in Prague,,Hlavní město Praha,Czechia,50.1031749,14.3947511,Europe
8857003,2023,Inna Čábelková,Czech Technical University in Prague,,Hlavní město Praha,Czechia,50.1031749,14.3947511,Europe
8857003,2023,Josef Tlustý,Czech University of Life Sciences Prague,,Hlavní město Praha,Czechia,50.129994,14.373598,Europe
67575052,2023,Amalya L. Oliver,Hebrew University of Jerusalem,Jerusalem,,Israel,31.7945578,35.2414009,Asia
67575052,2023,Rotem Rittblat,Hebrew University of Jerusalem,Jerusalem,,Israel,31.7945578,35.2414009,Asia
35657520,2023,Blessing Gweshengwe,Great Zimbabwe University,Masvingo,Masvingo Province,Zimbabwe,-20.1050134,30.8643919,Africa
19041039,2023,Nicolas Lorgnier,Canisius College,Buffalo,New York,United States,42.9237929,-78.8550954,North America
19041039,2023,Nicolas Chanavat,Université de Rouen Normandie,Rouen,Normandie,France,49.4584181,1.0674362,Europe
19041039,2023,Che‐Jen Su,Fu Jen Catholic University,,New Taipei City,Taiwan,25.0363219,121.4326549,Asia
19041039,2023,Kevser Çınar,Necmettin Erbakan University,,Konya,Türkiye,37.8574367,32.4311568,Asia
53748780,2023,Purva Bhatt,Malaviya National Institute of Technology Jaipur,Jaipur,Rajasthan,India,26.8639724,75.8107776,Asia
53748780,2023,Manju Singh,Malaviya National Institute of Technology Jaipur,Jaipur,Rajasthan,India,26.8639724,75.8107776,Asia
20239823,2023,Ravindran Nadarajan,Universiti Tunku Abdul Rahman,Kampar,Perak,Malaysia,4.3348363,101.1351317,Asia
20239823,2023,Hamizah Abdul Rahman,Sultan Zainal Abidin University,Kuala Terengganu,Terengganu,Malaysia,5.3989594,103.0772331,Asia
14779015,2023,E. M. Ol,Baze University,Abuja,Federal Capital Territory,Nigeria,9.0073052,7.4059828,Africa
86966747,2023,Viktor V. Eremin,,,,,,,
87864904,2023,Svetlana B. Globa,Siberian Federal University,Krasnoyarsk,Krasnoyarskiy kray,Russia,56.004056,92.765776,Europe
87864904,2023,Nina M. Butakova,Siberian Federal University,Krasnoyarsk,Krasnoyarskiy kray,Russia,56.004056,92.765776,Europe
87864904,2023,Evgeny P. Vasiljev,Siberian Federal University,Krasnoyarsk,Krasnoyarskiy kray,Russia,56.004056,92.765776,Europe
87864904,2023,Viktoria V. Berezovaya,Siberian Federal University,Krasnoyarsk,Krasnoyarskiy kray,Russia,56.004056,92.765776,Europe
44153027,2023,Carolina Vasilikou,University of Reading,Reading,England,United Kingdom,51.4403085,-0.9420958,Europe
44153027,2023,Yiorgos Papamanousakis,University of Sheffield,Sheffield,England,United Kingdom,53.3813502,-1.4884229,Europe
18015894,2024,Walter Leal Filho,HAW Hamburg,Hamburg,Hamburg,Germany,53.55620949999999,10.0225391,Europe
18015894,2024,Thaís Aparecida Dibbern,Universität Hamburg,Hamburg,Hamburg,Germany,53.5630754,9.9884042,Europe
18015894,2024,Maria Alzira Pimenta Dinis,Manchester Metropolitan University,Manchester,England,United Kingdom,53.4703704,-2.2391476,Europe
18015894,2024,Evandro Coggo Cristofoletti,Universidade Estadual de Campinas (UNICAMP),,São Paulo,Brazil,-22.8184393,-47.0647206,South America
18015894,2024,Marcellus Forh Mbah,Fernando Pessoa University,Porto,Porto,Portugal,41.1728847,-8.6111563,Europe
18015894,2024,Ashish Mishra,Universidade Estadual de Campinas (UNICAMP),,São Paulo,Brazil,-22.8184393,-47.0647206,South America
18015894,2024,Amelia Clarke,University of Manchester,Manchester,England,United Kingdom,53.4656853,-2.232706,Europe
18015894,2024,Naima Samuel,Indian Institute of Technology Roorkee,Roorkee,Uttarakhand,India,29.8660376,77.8905116,Asia
18015894,2024,Julen Castillo‐Apraiz,University of Waterloo,Waterloo,Ontario,Canada,43.4722854,-80.5448576,North America
18015894,2024,Ismaila Rimi Abubakar,University of Waterloo,Waterloo,Ontario,Canada,43.4722854,-80.5448576,North America
18015894,2024,Yusuf A. Aina,University of the Basque Country,Leioa,Euskadi,Spain,43.3308985,-2.9680574,Europe
14735563,2024,Leonidas C. Leonidou,University of Cyprus,Nicosia,Nicosia,Cyprus,35.16000340000001,33.377012,Asia
14735563,2024,Marios Theodosiou,University of Cyprus,Nicosia,Nicosia,Cyprus,35.16000340000001,33.377012,Asia
14735563,2024,Frode Nilssen,Nord University,Bodø,Nordland,Norway,67.2890742,14.5603668,Europe
14735563,2024,Pantelitsa Eteokleous,Kıbrıs Amerikan Üniversitesi,Alayköy,,,35.2112762,33.2518958,
14735563,2024,Angeliki Voskou,University of Cyprus,Nicosia,Nicosia,Cyprus,35.16000340000001,33.377012,Asia
98923051,2024,Md Altab Hossin,Chengdu University,Cheng Du Shi,Si Chuan Sheng,China,30.649512,104.188179,Asia
98923051,2024,David Alemzero,Southwest University of Science and Technology,Mian Yang Shi,Si Chuan Sheng,China,31.534842,104.690246,Asia
98923051,2024,Hermas Abudu,Chengdu University,Cheng Du Shi,Si Chuan Sheng,China,30.649512,104.188179,Asia
98923051,2024,Songtao Yin,Southwest University of Science and Technology,Mian Yang Shi,Si Chuan Sheng,China,31.534842,104.690246,Asia
98923051,2024,Lei Mu,Chengdu University,Cheng Du Shi,Si Chuan Sheng,China,30.649512,104.188179,Asia
98923051,2024,Boonsub Panichakarn,Naresuan University,Tambon Tha Pho,Chang Wat Phitsanulok,Thailand,16.7479112,100.1919336,Asia
23295203,2024,Amanda Williams,University of Oslo,Oslo,Oslo,Norway,59.9404992,10.7215296,Europe
23295203,2024,John N. Parker,Rotterdam University of Applied Sciences,Rotterdam,Zuid-Holland,Netherlands,51.9100943,4.4625859,Europe
23295203,2024,Steve Kennedy,University of Exeter,Exeter,England,United Kingdom,50.7371369,-3.5351475,Europe
79699042,2024,Dorothy Boorse,Gordon College,Wenham,Massachusetts,United States,42.5878305,-70.82393069999999,North America
79699042,2024,Leanne M. Jablonski,Physical Sciences (United States),Abbeyville,Colorado,United States,38.7945952,-106.5348379,North America
27971946,2024,Siriyama Kanthi Herath,Clark Atlanta University,Atlanta,Georgia,United States,33.7515658,-84.4112315,North America
27971946,2024,Laksitha Maheshi Herath,New York University,New York,New York,United States,40.7127753,-74.0059728,North America
27971946,2024,Marlissa Jones Phillips,Clark Atlanta University,Atlanta,Georgia,United States,33.7515658,-84.4112315,North America
59613853,2024,Katrin Dreyer‐Gibney,Trinity College Dublin,Dublin 2,County Dublin,Ireland,53.3437935,-6.254571599999999,Europe
59613853,2024,Paul Coughlan,Trinity College Dublin,Dublin 2,County Dublin,Ireland,53.3437935,-6.254571599999999,Europe
59613853,2024,David Coghlan,Trinity College Dublin,Dublin 2,County Dublin,Ireland,53.3437935,-6.254571599999999,Europe
59613853,2024,Szu‐Hsin Wu,University of Dundee,,,,,,
59613853,2024,Aisha Bello-Dambatta,Bangor University,Bangor,Wales,United Kingdom,53.22836780000001,-4.1294373,Europe
59613853,2024,Richard Dallison,Bangor University,Bangor,Wales,United Kingdom,53.22836780000001,-4.1294373,Europe
59613853,2024,Aonghus McNabola,Trinity College Dublin,Dublin 2,County Dublin,Ireland,53.3437935,-6.254571599999999,Europe
59613853,2024,Daniele Novara,Trinity College Dublin,Dublin 2,County Dublin,Ireland,53.3437935,-6.254571599999999,Europe
59613853,2024,Annum Rafique,Birmingham City University,Birmingham,England,United Kingdom,52.4831505,-1.882798,Europe
59613853,2024,Isabel Schestak,University of Birmingham,Birmingham,England,United Kingdom,52.4506089,-1.9305745,Europe
59613853,2024,J.A. Spriet,Bangor University,Bangor,Wales,United Kingdom,53.22836780000001,-4.1294373,Europe
59613853,2024,Nathan Walker,Bangor University,Bangor,Wales,United Kingdom,53.22836780000001,-4.1294373,Europe
59613853,2024,Prysor Williams,Bangor University,Bangor,Wales,United Kingdom,53.22836780000001,-4.1294373,Europe
76816714,2024,Mukesh Shankar Bharti,Jawaharlal Nehru University,New Delhi,Delhi,India,28.5398035,77.1664047,Asia
76816714,2024,Arindam Goswami,Indira Gandhi National Open University,,,,,,
98524594,2024,Gillian Bowser,Colorado State University,Fort Collins,Colorado,United States,40.5729432,-105.0848391,North America
98524594,2024,Susie Ho,Monash University,Clayton,Victoria,Australia,-37.9142416,145.1346592,Oceania
98524594,2024,Angela Ziebell,Deakin University,,,,,,
98524594,2024,Jasmina Lazendic-Galloway,Eindhoven University of Technology,Eindhoven,North Brabant,Netherlands,51.4479751,5.4858765,Europe
5926367,2024,Rustam Khairi Zahari,,,,,,,
5926367,2024,Hazlina Mazlan,,,,,,,
5926367,2024,A. Rani,,,,,,,
5926367,2024,Nur Zafirah Mohd Rodzi,,,,,,,
5926367,2024,Raja Noriza Raja Ariffin,,,,,,,
86684109,2024,Magdalena Bexell,Lund University,Lund,Skåne län,Sweden,55.7119483,13.203493,Europe
29863492,2024,Saadia Haief Kadhum,,,,,,,
29863492,2024,Hashim Jabbar Majeed,,,,,,,
92660994,2024,Katherine Dunham,Yale University,New Haven,Connecticut,United States,41.3163244,-72.92234309999999,North America
92660994,2024,Catherine Rivas,Icahn School of Medicine at Mount Sinai,New York,New York,United States,40.79001179999999,-73.95374140000001,North America
92660994,2024,Paula Medina Blanco,Icahn School of Medicine at Mount Sinai,New York,New York,United States,40.79001179999999,-73.95374140000001,North America
92660994,2024,Betty Kolod,Icahn School of Medicine at Mount Sinai,New York,New York,United States,40.79001179999999,-73.95374140000001,North America
92660994,2024,Carli Salvati,Icahn School of Medicine at Mount Sinai,New York,New York,United States,40.79001179999999,-73.95374140000001,North America
92660994,2024,Katie Clark,Yale University,New Haven,Connecticut,United States,41.3163244,-72.92234309999999,North America
92660994,2024,Kimberly L. Sue,Yale University,New Haven,Connecticut,United States,41.3163244,-72.92234309999999,North America
92660994,2024,Ashley Hagaman,Icahn School of Medicine at Mount Sinai,New York,New York,United States,40.79001179999999,-73.95374140000001,North America
18758177,2024,Bolaji Jubril,,,,,,,
60758518,2024,Nuriyeni Kartika Bintarsari,Jenderal Soedirman University,,Jawa Tengah,Indonesia,-7.4040925,109.246316,Asia
60758518,2024,Elpeni Fitrah,Jenderal Soedirman University,,Jawa Tengah,Indonesia,-7.4040925,109.246316,Asia
60758518,2024,Ayusia Sabhita Kusuma,Jenderal Soedirman University,,Jawa Tengah,Indonesia,-7.4040925,109.246316,Asia
48841700,2024,S. M. Riha Parvin,,,,,,,
48841700,2024,Niyaz Panakaje,,,,,,,
48841700,2024,Ashlin Dsouza,,,,,,,
48841700,2024,Habeeb Ur Rahiman,,,,,,,
87221332,2024,Christine Wulandari,Lampung University,,Lampung,Indonesia,-5.3641812,105.2428973,Asia
87221332,2024,Nanda Kurniasari,Lampung University,,Lampung,Indonesia,-5.3641812,105.2428973,Asia
87221332,2024,Samsul Bakri,Lampung University,,Lampung,Indonesia,-5.3641812,105.2428973,Asia
87221332,2024,Bainah Sari Dewi,Lampung University,,Lampung,Indonesia,-5.3641812,105.2428973,Asia
87221332,2024,Rahmat Safe’i,Lampung University,,Lampung,Indonesia,-5.3641812,105.2428973,Asia
42230871,2024,Л.К. Агаева,Samara State University of Economics,Samara,Samarskaya oblast',Russia,53.216185,50.210988,Europe
42230871,2024,В. А. Пилипенко,Samara State University of Economics,Samara,Samarskaya oblast',Russia,53.216185,50.210988,Europe
42230871,2024,Maksim P. ANTONOV,Samara State University of Economics,Samara,Samarskaya oblast',Russia,53.216185,50.210988,Europe
56001121,2024,Jeffrey C. Sun,University of Louisville,Louisville,Kentucky,United States,38.2157954,-85.7614322,North America
56001121,2024,Meghan J. Pifer,Kentucky Department of Education,Ford,Kentucky,United States,37.8393332,-84.2700179,North America
56001121,2024,Heather A. Turner,University of Kentucky,Lexington,Kentucky,United States,38.0306511,-84.5039697,North America
56001121,2024,Taylor L. Pratt,University of Louisville,Louisville,Kentucky,United States,38.2157954,-85.7614322,North America
90317360,2024,Kongkon Bordoloi,Mohammad Ali Jauhar University,Rampur,Uttar Pradesh,India,28.8793375,79.01788669999999,Asia
90317360,2024,Bijoy Timung,Mohammad Ali Jauhar University,Rampur,Uttar Pradesh,India,28.8793375,79.01788669999999,Asia
90317360,2024,Acharjya Mohan Das,Mohammad Ali Jauhar University,Rampur,Uttar Pradesh,India,28.8793375,79.01788669999999,Asia
88516189,2024,Giacomo Di Foggia,University of Milano-Bicocca,Milano,Lombardia,Italy,45.5182898,9.2137614,Europe
88516189,2024,Massimo Beccarello,University of Milano-Bicocca,Milano,Lombardia,Italy,45.5182898,9.2137614,Europe
89864861,2024,Silvia Cantele,University of Verona,Verona,Veneto,Italy,45.4365011,11.0032198,Europe
89864861,2024,Vincenzo Riso,University of Verona,Verona,Veneto,Italy,45.4365011,11.0032198,Europe
89864861,2024,Silvia Vernizzi,University of Verona,Verona,Veneto,Italy,45.4365011,11.0032198,Europe
81934482,2024,Judethadeus Chukwuebuka Oshim,Enugu State University of Science and Technology,Ohum,Enugu,Nigeria,6.536353,7.435619399999999,Africa
40131436,2024,Rustam Khairi Zahari,International Islamic University Malaysia,Kuala Lumpur,Selangor,Malaysia,3.2503254,101.7345347,Asia
40131436,2024,Hazlina Mazlan,International Islamic University Malaysia,Kuala Lumpur,Selangor,Malaysia,3.2503254,101.7345347,Asia
40131436,2024,A. Rani,International Islamic University Malaysia,Kuala Lumpur,Selangor,Malaysia,3.2503254,101.7345347,Asia
40131436,2024,Nur Zafirah Mohd Rodzi,International Islamic University Malaysia,Kuala Lumpur,Selangor,Malaysia,3.2503254,101.7345347,Asia
40131436,2024,Raja Noriza Raja Ariffin,University of Malaya,Kuala Lumpur,Wilayah Persekutuan Kuala Lumpur,Malaysia,3.1219268,101.6569942,Asia
79882831,2024,Elliot M. Berry,Massey University,,,,,,
79882831,2024,Barbara Burlingame,Riddet Institute,,,,,,
79882831,2024,Johannes le Coutre,UNSW Sydney,Sydney,New South Wales,Australia,-33.917347,151.2312675,Oceania
36900387,2024,Eda Naz Gürses,Yeditepe University,,İstanbul,Türkiye,40.9719767,29.1522123,Asia
36900387,2024,Yiğit Burak Baysal,Yeditepe University,,İstanbul,Türkiye,40.9719767,29.1522123,Asia
24560609,2024,Cornelia Fast,,,,,,,
24560609,2024,Oscar Widerberg,,,,,,,
17782017,2024,Archan Mitra,Presidency University,Kolkata,West Bengal,India,22.5763528,88.3630913,Asia
17782017,2024,Vishal Jain,Sharda University,,,,,,
