PMID,Year,Author,Institution,City,Region,State,Latitude,Longitude,Continent
88134020,2016,Gintė Jonkutė,Kaunas University of Technology,Kaunas,Kauno apskritis,Lithuania,54.8988968,23.9126701,Europe
88134020,2016,Jurgis Kazimieras Staniškis,Kaunas University of Technology,Kaunas,Kauno apskritis,Lithuania,54.8988968,23.9126701,Europe
35828944,2017,Gizem Sultan Kaman,Eskişehir Osmangazi University,,Eskişehir,Türkiye,39.75168559999999,30.49002179999999,Asia
94177049,2018,Liang Wang,Dalian University of Technology,Da Lian Shi,Liao Ning Sheng,China,38.880381,121.529021,Asia
94177049,2018,Li Ma,Dalian University of Technology,Da Lian Shi,Liao Ning Sheng,China,38.880381,121.529021,Asia
94177049,2018,Kuo‐Jui Wu,Dalian University of Technology,Da Lian Shi,Liao Ning Sheng,China,38.880381,121.529021,Asia
94177049,2018,Anthony S.F. Chiu,De La Salle University,Manila,Metro Manila,Philippines,14.5647642,120.9931652,Asia
94177049,2018,Sarayut Nathaphan,Mahidol University,Tambon Salaya,Chang Wat Nakhon Pathom,Thailand,13.7943814,100.3256274,Asia
56358615,2018,Ming‐Lang Tseng,Asia University,,,,,,
56358615,2018,Qinghua Zhu,Shanghai Jiao Tong University,,Shang Hai Shi,China,31.0252201,121.4337784,Asia
56358615,2018,Joseph Sarkis,Worcester Polytechnic Institute,Worcester,Massachusetts,United States,42.2746179,-71.8068416,North America
56358615,2018,Anthony S.F. Chiu,De La Salle University,Manila,Metro Manila,Philippines,14.5647642,120.9931652,Asia
4387030,2018,Kwok Shing Richard 黃國成 Wong,Education University of Hong Kong,,New Territories,Hong Kong,22.4670285,114.1936333,Asia
12384740,2019,Juniatí Gunawan,Universitas Trisakti,,Daerah Khusus Ibukota Jakarta,Indonesia,-6.167812199999999,106.7901209,Asia
12384740,2019,Paulina Permatasari,Parahyangan Catholic University,,Jawa Barat,Indonesia,-6.8751984,107.604924,Asia
12384740,2019,Carol Tilt,University of South Australia,,South Australia,Australia,-30.0002315,136.2091547,Oceania
26664804,2019,Isabel B. Franco,United Nations University Institute for the Advanced Study of Sustainability,Shibuya,Tokyo,Japan,35.6624735,139.7083881,Asia
26664804,2019,Lance R. Newey,University of Queensland,Saint Lucia,Queensland,Australia,-27.4976696,153.0128661,Oceania
34533920,2019,Patrick Schröder,Center for International Forestry Research,,,,,,
85789555,2019,Innocent Okwuosa,University of Hertfordshire,Welwyn,England,United Kingdom,51.80978229999999,-0.2376744,Europe
85789555,2019,Sharif Khalid,University of Sheffield,Sheffield,England,United Kingdom,53.3813502,-1.4884229,Europe
84176418,2019,Martini Martini,Universitas Budi Luhur,,,,,,
84176418,2019,Windarto Windarto,Universitas Budi Luhur,,,,,,
23324300,2020,Lisa S. McNeill,,,,,,,
31363894,2020,Mark D. Whitaker,SUNY Korea,,Incheon,South Korea,37.3766941,126.6671667,Asia
31363894,2020,Pravin Pawar,SUNY Korea,,Incheon,South Korea,37.3766941,126.6671667,Asia
18743954,2020,Lisa S. McNeill,,,,,,,
79868279,2020,Daniela Rybárová,University of Economics in Bratislava,Bratislava,Bratislavský kraj,Slovakia,48.1256896,17.1333914,Europe
21272761,2020,Alfajri Alfajri,Universitas Abdurrab,,Riau,Indonesia,0.5348750000000001,101.4184333,Asia
21272761,2020,Luerdi Luerdi,Universitas Abdurrab,,Riau,Indonesia,0.5348750000000001,101.4184333,Asia
96558017,2020,Natalia G. Vovchenko,,,,,,,
96558017,2020,Tatiana V. Epifanova,,,,,,,
96558017,2020,Elena Zolochevskaya,,,,,,,
96558017,2020,Svetlana A. Litvinova,,,,,,,
55801978,2020,Luerdi Luerdi,Universitas Abdurrab,,Riau,Indonesia,0.5348750000000001,101.4184333,Asia
55801978,2020,Alfajri Alfajri,Universitas Abdurrab,,Riau,Indonesia,0.5348750000000001,101.4184333,Asia
84180523,2020,Sabrina Giuca,,,,,,,
84180523,2020,Simonetta De Leo,,,,,,,
2898962,2021,Jubin Jacob-John,La Trobe University,,,,,,
2898962,2021,Clare D’Souza,La Trobe University,,,,,,
2898962,2021,Timothy Marjoribanks,Swinburne University of Technology,Hawthorn,Victoria,Australia,-37.8221504,145.0389546,Oceania
2898962,2021,Stephen Singaraju,La Trobe University,,,,,,
43441381,2021,Jennifer R. Whitson,University of Waterloo,Waterloo,Ontario,Canada,43.4722854,-80.5448576,North America
43441381,2021,Martin French,Concordia University,Montreal,Quebec,Canada,45.4948363,-73.5779128,North America
94077200,2021,Lars Carlsen,,,,,,,
80636741,2021,Lucreția Dogaru,"Universitatea de Medicină, Farmacie, Științe și Tehnologie „George Emil Palade” din Târgu Mureș",Târgu Mureș,Județul Mureș,Romania,46.5553268,24.5817534,Europe
17527047,2021,Ritanara Tayane Bianchet,Universidade do Sul de Santa Catarina,,Santa Catarina,Brazil,-28.4803289,-49.0211642,South America
17527047,2021,Ana Paula Provin,Universidade do Sul de Santa Catarina,,Santa Catarina,Brazil,-28.4803289,-49.0211642,South America
17527047,2021,Valeria Isabela Beattie,George Washington University,Washington,District of Columbia,United States,38.8997145,-77.0485992,North America
17527047,2021,José Baltazar Salgueirinho Osório de Andrade Guerra,Universidade do Sul de Santa Catarina,,Santa Catarina,Brazil,-28.4803289,-49.0211642,South America
2694801,2021,Ana María Gómez-Trujillo,Ceipa University Foundation,,,,,,
2694801,2021,Juan Vélez-Ocampo,Universidad de Antioquia,Medellín,Antioquia,Colombia,6.2677479,-75.5688416,South America
2694801,2021,Sergio A. Castrillón-Orrego,Universidad EAFIT,Medellín,Antioquia,Colombia,6.1996012,-75.5792139,South America
2694801,2021,Alejandro Álvarez,Universidad EAFIT,Medellín,Antioquia,Colombia,6.1996012,-75.5792139,South America
2694801,2021,Eva Cristina Manotas,Universidad Nacional de Colombia,Ansermanuevo,Valle del Cauca,Colombia,4.570868,-74.297333,South America
45694599,2021,Siew Wei Yeong,Forest Department Sarawak,Kuching,Sarawak,Malaysia,1.5761262,110.3458736,Asia
45694599,2021,Mukvinder Kaur Sandhu,Forest Department Sarawak,Kuching,Sarawak,Malaysia,1.5761262,110.3458736,Asia
45694599,2021,Hiram Ting,UCSI University,Kuala Lumpur,Wilayah Persekutuan Kuala Lumpur,Malaysia,3.0796793,101.7330196,Asia
70324202,2021,Bhavya Kavitha Dwarapureddi,Banaras Hindu University,Varanasi,Uttar Pradesh,India,25.2685304,82.9904737,Asia
6765211,2021,Narcisa Requelme,Universidad Politécnica de Madrid,Madrid,Community of Madrid,Spain,40.41672790000001,-3.7032905,Europe
6765211,2021,Ana Afonso,Politecnica Salesiana University,Cuenca,Azuay,Ecuador,-2.8865291,-78.9898791,South America
3503370,2021,M. Abdullah Shaikh,Deakin University,,,,,,
3503370,2021,Michalis Hadjikakou,Deakin University,,,,,,
3503370,2021,Özge Geyik,Deakin University,,,,,,
3503370,2021,Brett A. Bryan,Deakin University,,,,,,
25312178,2021,Vladimir S. Osipov,Moscow State Institute of International Relations,Moskva,Moskva,Russia,55.6728244,37.484662,Europe
25312178,2021,Nelia А. Deberdeeva,Plekhanov Russian University of Economics,Moskva,Moskva,Russia,55.7273484,37.62757860000001,Europe
25312178,2021,Diana M. Nadyseva,Moscow Region State University,Moskva,Moskva,Russia,55.7631502,37.6754647,Europe
25312178,2021,Nikolai I. Berzon,National Research University Higher School of Economics,Moskva,Moskva,Russia,55.761458,37.63327530000001,Europe
94708077,2021,Narcisa Requelme,Universidad Politécnica de Madrid,Madrid,Community of Madrid,Spain,40.41672790000001,-3.7032905,Europe
3334495,2021,Kiran Jameel,Hamdard University,Madinatul Hikmah,Sindh,Pakistan,25.0834909,67.0113119,Asia
3334495,2021,Saifullah,Hamdard University,Madinatul Hikmah,Sindh,Pakistan,25.0834909,67.0113119,Asia
3334495,2021,Muhammad Asim Rafiq,Hamdard University,Madinatul Hikmah,Sindh,Pakistan,25.0834909,67.0113119,Asia
549125,2021,Ekaterina Gladkova,Northumbria University,Newcastle upon Tyne,England,United Kingdom,55.0041996,-1.5716281,Europe
99733036,2021,Shirley Mo Ching Yeung,,,,,,,
41159532,2021,M. Ballet,Observatoire de la Côte d’Azur,Nice,Provence-Alpes-Côte d'Azur,France,43.7273925,7.2990726,Europe
39241984,2022,Ataul Karim Patwary,Universiti Malaysia Kelantan,Kota Bharu,Kelantan,Malaysia,6.164008099999999,102.2846742,Asia
96388972,2022,Biagio F. Giannetti,Universidade Paulista,,,,,,
96388972,2022,Fernando J. Díaz López,Beijing Normal University,,Bei Jing Shi,China,39.9619537,116.3662615,Asia
96388972,2022,Gengyuan Liu,Stellenbosch University,Stellenbosch,Western Cape,South Africa,-33.9328078,18.864447,Africa
96388972,2022,Feni Agostinho,Beijing Normal University,,Bei Jing Shi,China,39.9619537,116.3662615,Asia
96388972,2022,Fábio Sevegnani,Universidade Paulista,,,,,,
96388972,2022,C.M.V.B. Almeida,Beijing Normal University,,Bei Jing Shi,China,39.9619537,116.3662615,Asia
16834590,2022,Maria Lisa Clodoveo,University of Bari Aldo Moro,Bari,Puglia,Italy,41.1205546,16.8684745,Europe
16834590,2022,Elvira Tarsitano,University of Bari Aldo Moro,Bari,Puglia,Italy,41.1205546,16.8684745,Europe
16834590,2022,Pasquale Crupi,University of Bari Aldo Moro,Bari,Puglia,Italy,41.1205546,16.8684745,Europe
16834590,2022,Loris Pasculli,University of Bari Aldo Moro,Bari,Puglia,Italy,41.1205546,16.8684745,Europe
16834590,2022,Prisco Piscitelli,University of Milan,Milano,Lombardia,Italy,45.460342,9.1941298,Europe
16834590,2022,Alessandro Miani,University of Bari Aldo Moro,Bari,Puglia,Italy,41.1205546,16.8684745,Europe
6305217,2022,Ruchi Mishra,Institute of Rural Management Anand,Anand,Gujarat,India,22.5386021,72.9748448,Asia
6305217,2022,Rajesh Kumar Singh,Management Development Institute,Gurugram,Haryana,India,28.4711888,77.0584662,Asia
6305217,2022,Nachiappan Subramanian,University of Sussex,Falmer,England,United Kingdom,50.8677123,-0.0875492,Europe
9436258,2022,Franklin Córdova-Buiza,Private University of the North,,,,,,
9436258,2022,Alberto Paucar‐Caceres,Manchester Metropolitan University,Manchester,England,United Kingdom,53.4703704,-2.2391476,Europe
9436258,2022,Silvia Cristina Quispe‐Prieto,Jorge Basadre Grohmann National University,Tacna,Tacna,Peru,-18.0253352,-70.2497702,South America
9436258,2022,Andrea Pierina Rivera-Garré,Private University of the North,,,,,,
9436258,2022,Lucero Nicole Huerta‐Tantalean,Universidad Privada de Tacna,Tacna,Tacna,Peru,-18.0048523,-70.22611719999999,South America
9436258,2022,Jesús Enrique Valle-Paucar,Manchester Metropolitan University,Manchester,England,United Kingdom,53.4703704,-2.2391476,Europe
88442400,2022,Zhu Ying,University of Edinburgh,Edinburgh,Scotland,United Kingdom,55.9445158,-3.1892413,Europe
88442400,2022,Toritseju Begho,Scotland's Rural College,Cupar,Scotland,United Kingdom,56.3194374,-3.0309659,Europe
27398724,2022,Sinan Küfeoğlu,University of Cambridge,Cambridge,England,United Kingdom,52.205356,0.113168,Europe
63653223,2022,Nurgul K. Atabekova,International University of Kyrgyzstan,Bishkek,Bishkek City,Kyrgyzstan,42.8667346,74.57031010000001,Asia
63653223,2022,Valentin A. Dzedik,Volgograd State University,Volgograd,Volgogradskaya oblast',Russia,48.641899,44.42287899999999,Europe
63653223,2022,Marija Troyanskaya,Orenburg State University,Orenburg,Orenburgskaya oblast',Russia,51.77778619999999,55.1080106,Europe
63653223,2022,Denis E. Matytsin,Volgograd State University,Volgograd,Volgogradskaya oblast',Russia,48.641899,44.42287899999999,Europe
47017223,2022,Volkmar Kircher,Montanuniversität Leoben,Leoben,Steiermark,Austria,47.3847372,15.0930201,Europe
47017223,2022,Alexander Griebler,Montanuniversität Leoben,Leoben,Steiermark,Austria,47.3847372,15.0930201,Europe
47017223,2022,Susanne Feiel,Montanuniversität Leoben,Leoben,Steiermark,Austria,47.3847372,15.0930201,Europe
47017223,2022,Peter Moser,Montanuniversität Leoben,Leoben,Steiermark,Austria,47.3847372,15.0930201,Europe
73529250,2022,Levente Gyetvai,University of Pannonia,Veszprém,,Hungary,47.0879453,17.9080548,Europe
73529250,2022,Bertalan Vince Lovas,University of Pannonia,Veszprém,,Hungary,47.0879453,17.9080548,Europe
73529250,2022,Máté Kiss,University of Pannonia,Veszprém,,Hungary,47.0879453,17.9080548,Europe
73529250,2022,Martin Talas,University of Pannonia,Veszprém,,Hungary,47.0879453,17.9080548,Europe
73529250,2022,Bence Halmosi,University of Pannonia,Veszprém,,Hungary,47.0879453,17.9080548,Europe
73529250,2022,Jinat Ara,University of Pannonia,Veszprém,,Hungary,47.0879453,17.9080548,Europe
73529250,2022,Cecília Sik‐Lányi,University of Pannonia,Veszprém,,Hungary,47.0879453,17.9080548,Europe
73529250,2022,Nils Haneklaus,Universität für Weiterbildung Krems,Krems an der Donau,Niederösterreich,Austria,48.4081548,15.5862305,Europe
73529250,2022,Tibor Guzsvinecz,University of Pannonia,Veszprém,,Hungary,47.0879453,17.9080548,Europe
73529250,2022,Judit Szűcs,University of Pannonia,Veszprém,,Hungary,47.0879453,17.9080548,Europe
34253011,2022,Roger A. Petry,University of Regina,Regina,Saskatchewan,Canada,50.4155616,-104.5878787,North America
34253011,2022,Jocelyn Crivea,University of Regina,Regina,Saskatchewan,Canada,50.4155616,-104.5878787,North America
99243420,2022,Tobias Bidlingmaier,Ruhr University Bochum,Bochum,Nordrhein-Westfalen,Germany,51.4468863,7.2617049,Europe
13750895,2023,Naveen Kumar Arora,Babasaheb Bhimrao Ambedkar University,Lucknow,Uttar Pradesh,India,26.7633778,80.92578519999999,Asia
78644044,2023,Mariia Tepliuk,Kyiv National Economic University named after Vadym Hetman,Kyiv,Kyiv,Ukraine,50.4564521,30.4408344,Europe
78644044,2023,Mykhailo Sahaidak,Kyiv National Economic University named after Vadym Hetman,Kyiv,Kyiv,Ukraine,50.4564521,30.4408344,Europe
78644044,2023,Tetiana Petrishyna,Institute of Management and Business,,,,,,
78644044,2023,Katerina Fokina-Mezentseva,State University of Economics and Technology,Kryvyi Rih,Dnipropetrovs'ka oblast,Ukraine,47.8875417,33.3863643,Europe
78644044,2023,Boris Fomenko,Kyiv National Economic University named after Vadym Hetman,Kyiv,Kyiv,Ukraine,50.4564521,30.4408344,Europe
78644044,2023,Igor Vasyliev,Kyiv National Economic University named after Vadym Hetman,Kyiv,Kyiv,Ukraine,50.4564521,30.4408344,Europe
75614878,2023,M. Abdullah Shaikh,Deakin University,,,,,,
75614878,2023,Michalis Hadjikakou,Deakin University,,,,,,
75614878,2023,Özge Geyik,Deakin University,,,,,,
75614878,2023,Brett A. Bryan,Deakin University,,,,,,
57497962,2023,Abiola Folakemi Olaniran,Landmark University,Omu-Aran,Kwara,Nigeria,8.1226263,5.082785599999999,Africa
57497962,2023,Omorefosa O. Osemwegie,Landmark University,Omu-Aran,Kwara,Nigeria,8.1226263,5.082785599999999,Africa
57497962,2023,Abiola Ezekiel Taiwo,Mangosuthu University of Technology,Durban,KwaZulu-Natal,South Africa,-29.9698091,30.91327739999999,Africa
57497962,2023,Clinton Emeka Okonkwo,United Arab Emirates University,Al Ain,Abu Dhabi,United Arab Emirates,24.200588,55.67603399999999,Asia
57497962,2023,Oluwafemi Adeleke Ojo,Bowen University,,,,,,
57497962,2023,M. E. Abalaka,Federal University of Technology Minna,Minna,Niger,Nigeria,9.6559837,6.528722699999999,Africa
57497962,2023,Adekunbi Adetola Malomo,Obafemi Awolowo University,Ife,Osun,Nigeria,7.5174314,4.5227636,Africa
57497962,2023,Yetunde Mary Iranloye,Landmark University,Omu-Aran,Kwara,Nigeria,8.1226263,5.082785599999999,Africa
57497962,2023,Oghenerobor B. Akpor,Afe Babalola University,Aye,Ekiti,Nigeria,7.6708843,5.3070996,Africa
57497962,2023,Oluwaseun Peter Bamidele,University of Mpumalanga,Mbombela,Mpumalanga,South Africa,-25.4371419,30.9817756,Africa
57497962,2023,Towobola Michael,Landmark University,Omu-Aran,Kwara,Nigeria,8.1226263,5.082785599999999,Africa
90042070,2023,Rob Hales,,,,,,,
90042070,2023,Naomi Birdthistle,,,,,,,
23680779,2023,Edwin Hlangwani,University of Johannesburg,Johannesburg,Gauteng,South Africa,-26.205647,28.0337185,Africa
23680779,2023,Penny Hiwilepo-van Hal,University of Namibia,Windhoek,Khomas Region,Namibia,-22.6121691,17.0583726,Africa
23680779,2023,Kgabo Moganedi,University of Limpopo,Polokwane,Limpopo,South Africa,-23.8888188,29.73855,Africa
23680779,2023,Bhekisisa C. Dlamini,University of Johannesburg,Johannesburg,Gauteng,South Africa,-26.205647,28.0337185,Africa
22545834,2023,Md Mizanur Rahman,,,,,,,
7561936,2023,Abdelhak Senadjki,Universiti Tunku Abdul Rahman,Kampar,Perak,Malaysia,4.3348363,101.1351317,Asia
7561936,2023,Mohammed J.K. Bashir,Universiti Tunku Abdul Rahman,Kampar,Perak,Malaysia,4.3348363,101.1351317,Asia
7561936,2023,Hui Nee Au Yong,Universiti Tunku Abdul Rahman,Kampar,Perak,Malaysia,4.3348363,101.1351317,Asia
7561936,2023,Iddrisu Mohammed Awal,Universiti Tunku Abdul Rahman,Kampar,Perak,Malaysia,4.3348363,101.1351317,Asia
7561936,2023,Jin Hooi Chan,University of Greenwich,London,England,United Kingdom,51.4829866,-0.0063883,Europe
22970113,2023,Steven Mulligan,University of Sheffield,Sheffield,England,United Kingdom,53.3813502,-1.4884229,Europe
27008073,2023,Maher Toukabri,Northern Border University,Ar Ar,Northern Borders Province,Saudi Arabia,30.9159766,41.0793054,Asia
23124722,2023,J. L. Vázquez Burguete,Universidad de León,León,León,Spain,42.5930688,-5.5759747,Europe
23124722,2023,Ana Lanero Carrizo,Universidad de León,León,León,Spain,42.5930688,-5.5759747,Europe
23124722,2023,César Sahelices‐Pinto,Universidad de León,León,León,Spain,42.5930688,-5.5759747,Europe
23124722,2023,José Luis Vázquez-García,Universidad de León,León,León,Spain,42.5930688,-5.5759747,Europe
23124722,2023,José María Vázquez-García,Universidad de León,León,León,Spain,42.5930688,-5.5759747,Europe
43032635,2023,Artur Grisanti Mausbach,Royal College of Art,London,England,United Kingdom,51.5011441,-0.1792847,Europe
43032635,2023,Cyriel Diels,Royal College of Art,London,England,United Kingdom,51.5011441,-0.1792847,Europe
43032635,2023,Dale Harrow,Royal College of Art,London,England,United Kingdom,51.5011441,-0.1792847,Europe
43032635,2023,Maria Cecília Loschiavo dos Santos,Universidade de São Paulo,São Paulo,State of São Paulo,Brazil,-23.5557714,-46.6395571,South America
25534109,2023,Shuo‐Fang Liu,National Cheng Kung University,,Tainan City,Taiwan,22.998955,120.2171461,Asia
25534109,2023,Ru-chun Huang,National Cheng Kung University,,Tainan City,Taiwan,22.998955,120.2171461,Asia
81254546,2023,Yerlan Zhailauov,Rostov State University of Economics,Rostov-on-Don,Rostov Oblast,Russia,47.2357137,39.701505,Europe
81254546,2023,Natalia V. Przhedetskaya,Vyatka State University,Kirov,Kirovskaya oblast',Russia,58.6057461,49.6707773,Europe
98778320,2024,Bhupinder Singh,Sharda University,,,,,,
98778320,2024,Christian Kaunert,Dublin City University,Dublin 9,County Dublin,Ireland,53.38533169999999,-6.2588403,Europe
67932877,2024,Stanislav Ivanov,Varna University of Management,Варна,Варна,Bulgaria,43.2119461,27.9091585,Europe
67932877,2024,Faruk Seyitoğlu,Mardin Artuklu University,,Mardin,Türkiye,37.3352521,40.7067008,Asia
67932877,2024,Craig Webster,University of Aveiro,Aveiro,Aveiro,Portugal,40.6305791,-8.6574621,Europe
78812213,2024,Janpriy Sharma,University of Trento,Trento,Trentino-Alto Adige,Italy,46.0668672,11.1231091,Europe
78812213,2024,Shweta Singh,The University of Texas at Austin,Austin,Texas,United States,30.2850284,-97.7335226,North America
78812213,2024,Mohit Tyagi,Bureau of Economic Analysis,,,,,,
78812213,2024,Satvasheel Powar,Punjab Engineering College,Chandigarh,Chandigarh,India,30.7648923,76.7867693,Asia
75681840,2024,İlknur Korkmaz,Burdur Mehmet Akif Ersoy Üniversitesi,,Burdur,Türkiye,37.6909366,30.3431778,Asia
68105085,2024,Morẹ́nikẹ́ Oluwátóyìn Foláyan,Lagos State Health Service Commission,Lagos,Lagos,Nigeria,6.448452899999999,3.3971254,Africa
68105085,2024,Jorma I. Virtanen,University of Hong Kong,,Hong Kong Island,Hong Kong,22.2830891,114.1365621,Asia
59739822,2024,Laura Cuesta,Universidad Rey Juan Carlos,Móstoles,Comunidad de Madrid,Spain,40.3354484,-3.8773451,Europe
59739822,2024,Carlota López-Fernández,University of Castilla-La Mancha,Ciudad Real,Castilla-La Mancha,Spain,38.9934998,-3.9254365,Europe
59739822,2024,Esther Paños,University of Castilla-La Mancha,Ciudad Real,Castilla-La Mancha,Spain,38.9934998,-3.9254365,Europe
59739822,2024,José Reyes Ruíz Gallardo,University of Castilla-La Mancha,Ciudad Real,Castilla-La Mancha,Spain,38.9934998,-3.9254365,Europe
12861010,2024,Aam Slamet Rusydiana,Airlangga University,,East Java,Indonesia,-7.269580499999999,112.7825799,Asia
12861010,2024,Raditya Sukmana,Airlangga University,,East Java,Indonesia,-7.269580499999999,112.7825799,Asia
12861010,2024,Nisful Laila,Islamic Development Bank,,,,,,
71817730,2024,A. D. Rahmadiani,,,,,,,
71817730,2024,M. P. Kurniawan,,,,,,,
71817730,2024,D. A. Nugroho,,,,,,,
71817730,2024,Tasyarafa Shelia Khairani,,,,,,,
71817730,2024,Wahyu Putri Andhini,,,,,,,
71817730,2024,Almaira Daffa Nurramdhana,,,,,,,
71817730,2024,Arief Rachman,,,,,,,
71817730,2024,Citra Aulia Mahardini Gunawan,,,,,,,
71817730,2024,Danis Syalwa Octaviani,,,,,,,
71817730,2024,Errika Anggraini Larasati,,,,,,,
74631675,2024,Lesia PELYK,,,,,,,
74631675,2024,Olena Kalashnyk,,,,,,,
74631675,2024,Olena Anatoliivna Kyrychenko,,,,,,,
74631675,2024,Світлана Мороз,,,,,,,
47317876,2024,Ankit Mehrotra,Jaipuria Institute of Management,Lucknow,Uttar Pradesh,India,26.8516562,81.0100819,Asia
47317876,2024,Reeti Agarwal,Jaipuria Institute of Management,Lucknow,Uttar Pradesh,India,26.8516562,81.0100819,Asia
47317876,2024,Usama Awan,Inland Norway University of Applied Sciences,Rena,Innlandet,Norway,61.13608190000001,11.3739553,Europe
47317876,2024,Steven T. Walsh,University of New Mexico,Albuquerque,New Mexico,United States,35.0843187,-106.6197812,North America
24454071,2024,Bhupinder Singh,Sharda University,,,,,,
24454071,2024,Christian Kaunert,Dublin City University,Dublin 9,County Dublin,Ireland,53.38533169999999,-6.2588403,Europe
17134256,2024,Huibrecht Margaretha van der Poll,University of South Africa,Pretoria,Gauteng,South Africa,-25.7676604,28.1992624,Africa
32612156,2024,L. Yerlan,Abai Kazakh National Pedagogical University,Almaty,Almaty,Kazakhstan,43.2563952,76.9544919,Asia
32612156,2024,K. Muzdybayeva,Abai Kazakh National Pedagogical University,Almaty,Almaty,Kazakhstan,43.2563952,76.9544919,Asia
57700187,2024,Homero Jiménez Rabiela,,,,,,,
57700187,2024,Benjamín Vázquez González,,,,,,,
57700187,2024,José Luis Ramírez Cruz,,,,,,,
57700187,2024,A. Acosta,,,,,,,
57700187,2024,Pedro García Segura,,,,,,,
57700187,2024,Miguel Ángel Mejías Vera,,,,,,,
28848339,2024,Muhamad Shahrun Aiman Mohd Daud,National University of Malaysia,Bangi,Selangor,Malaysia,2.9289681,101.7800927,Asia
28848339,2024,Mohd Firdaus Abdullah,University of Malaya,Kuala Lumpur,Wilayah Persekutuan Kuala Lumpur,Malaysia,3.1219268,101.6569942,Asia
28848339,2024,Arba’iyah Mohd Noor,University of Malaya,Kuala Lumpur,Wilayah Persekutuan Kuala Lumpur,Malaysia,3.1219268,101.6569942,Asia
28848339,2024,Noraini Mohamed Hassan,Sultan Zainal Abidin University,Kuala Terengganu,Terengganu,Malaysia,5.3989594,103.0772331,Asia
69773450,2024,Rana Muhammad Aadil,University of Agriculture Faisalabad,faiz,Punjab,Pakistan,31.4293529,73.07501850000001,Asia
69773450,2024,Emanuele Radicetti,University of Ferrara,Ferrara,Emilia-Romagna,Italy,44.8334299,11.6262692,Europe
69773450,2024,Ghulam Haider,National University of Sciences and Technology,Islamabad,Islamabad Capital Territory,Pakistan,33.6424888,72.99300099999999,Asia
69773450,2024,Paola Tedeschi,University of Ferrara,Ferrara,Emilia-Romagna,Italy,44.8334299,11.6262692,Europe
15993465,2024,Yan Gu,Hohai University,Nan Jing Shi,Jiang Su Sheng,China,32.054204,118.756843,Asia
15993465,2024,Junfei Chen,Hohai University,Nan Jing Shi,Jiang Su Sheng,China,32.054204,118.756843,Asia
15993465,2024,Wenjia Xi,Huaiyin Institute of Technology,Huai An Shi,,China,33.548604,119.047224,Asia
15993465,2024,Ridwan Lanre Ibrahim,University of Lagos,Lagos,Lagos,Nigeria,6.515759,3.3898447,Africa
15993465,2024,Mamdouh Abdulaziz Saleh Al‐Faryan,European University of Lefke,Gemikonağı,,,35.1300189,32.8304816,
34590465,2024,Austin Okeke,,,,,,,
34590465,2024,Juila J. Nobari,,,,,,,
34590465,2024,Mahtab Morovat,,,,,,,
34590465,2024,Yashar Salamzadeh,,,,,,,
27209016,2024,Tinu Joseph,,,,,,,
51494641,2024,Fernando Almeida,INESC TEC,Porto,Porto,Portugal,41.1794292,-8.595407,Europe
7887417,2024,Diana Carina Mori Servan,,,,,,,
7887417,2024,Merbelita Yalta Chappa,,,,,,,
7887417,2024,Wildor Gosgot Ángeles,,,,,,,
7887417,2024,Homar Santillan Gomez,,,,,,,
7887417,2024,Aline Camila Caetano,,,,,,,
7887417,2024,Manuel Oliva,,,,,,,
7887417,2024,Carla Ramírez,,,,,,,
7887417,2024,Milton Américo Huanes Mariños,,,,,,,
7887417,2024,Miguel Ángel Barrena Gurbillón,,,,,,,
29425943,2024,Ekin Erdal,Yeditepe University,,İstanbul,Türkiye,40.9719767,29.1522123,Asia
29425943,2024,Nermin Dilara İpçioğlu,Yeditepe University,,İstanbul,Türkiye,40.9719767,29.1522123,Asia
39101398,2024,Huibrecht Margaretha van der Poll,,,,,,,
