PMID,Year,Author,Institution,City,Region,State,Latitude,Longitude
48088088,2016,Anastasia Stratigea,National Technical University of Athens,Zografou,,Greece,37.9777547,23.7837782
48088088,2016,Akrivi Leka,National Technical University of Athens,Zografou,,Greece,37.9777547,23.7837782
48088088,2016,Μαρία Παναγιωτοπούλου,National Technical University of Athens,Zografou,,Greece,37.9777547,23.7837782
2213261,2016,Agnis Stibe,Human Media,,,,,
2213261,2016,Kent Larson,Human Media,,,,,
35385926,2016,Bernard M. Kitheka,Clemson University,Clemson,South Carolina,United States,34.6749926,-82.8406184
35385926,2016,Elizabeth D. Baldwin,Clemson University,Clemson,South Carolina,United States,34.6749926,-82.8406184
35385926,2016,David L. White,Clemson University,Clemson,South Carolina,United States,34.6749926,-82.8406184
35385926,2016,Daniel N. Harding,Clemson University,Clemson,South Carolina,United States,34.6749926,-82.8406184
7561971,2016,Dimithri Devinda Jayagoda,,,,,,
99277959,2016,Haruna Musa,,,,,,
99277959,2016,Mohd Rusli Yacob,,,,,,
99277959,2016,Ahmad Makmom Abdullah,,,,,,
99277959,2016,Mohd Yusoff Ishak,,,,,,
53505250,2016,Van Heerden,,,,,,
53505250,2016,Jacobus Johannes,,,,,,
60782233,2016,Kyungsun Lee,,,,,,
60782233,2016,Catherine Park,,,,,,
98300028,2016,Mehri Ahmadi,,,,,,
98300028,2016,Ahmad Fariz Mohamed,,,,,,
96477567,2016,Mabel Tatiana Chaos Yeras,University of Camagüey,Camagüey,Camagüey,Cuba,21.3889485,-77.88204549999999
96477567,2016,Ingrid. Mancebo Socarrás,University of Camagüey,Camagüey,Camagüey,Cuba,21.3889485,-77.88204549999999
96477567,2016,Dianelis Falls Valdivieso,University of Camagüey,Camagüey,Camagüey,Cuba,21.3889485,-77.88204549999999
30809428,2017,Adriane MacDonald,University of Lethbridge,Lethbridge,Alberta,Canada,49.6956181,-112.8451067
30809428,2017,Amelia Clarke,University of Waterloo,Waterloo,Ontario,Canada,43.4722854,-80.5448576
30809428,2017,Lei Huang,SUNY Fredonia,Fredonia,New York,United States,42.4532365,-79.340746
30809428,2017,Mark Roseland,Simon Fraser University,Burnaby,British Columbia,Canada,49.27908859999999,-122.9201795
30809428,2017,Maria May Seitanidi,University of Kent,Canterbury,England,United Kingdom,51.2967395,1.0630042
61576782,2017,Patrizia Riganti,Nottingham Trent University,Nottingham,England,United Kingdom,52.9581371,-1.1542327
90472344,2017,Anastasia Stratigea,National Technical University of Athens,Zografou,,Greece,37.9777547,23.7837782
90472344,2017,Akrivi Leka,National Technical University of Athens,Zografou,,Greece,37.9777547,23.7837782
32667883,2017,Maryam Alfaraidy,,,,,,
32667883,2017,Raffaello Furlan,,,,,,
34846408,2017,Varvara Nikulina,Blekinge Institute of Technology,Karlskrona,Blekinge län,Sweden,56.182244,15.5908055
34846408,2017,Henrikke Baumann,Chalmers University of Technology,Göteborg,Västra Götalands län,Sweden,57.6898004,11.9741617
34846408,2017,Dávid Simon,Chalmers University of Technology,Göteborg,Västra Götalands län,Sweden,57.6898004,11.9741617
34846408,2017,Frances Sprei,Chalmers University of Technology,Göteborg,Västra Götalands län,Sweden,57.6898004,11.9741617
72999693,2017,Márcia Faria Westphal,Universidade de São Paulo,São Paulo,State of São Paulo,Brazil,-23.5557714,-46.6395571
72999693,2017,Maria Cristina Franceschini,Universidade de São Paulo,São Paulo,State of São Paulo,Brazil,-23.5557714,-46.6395571
72999693,2017,Andréia Faraoni Freitas Setti,Universidade de São Paulo,São Paulo,State of São Paulo,Brazil,-23.5557714,-46.6395571
55731481,2017,Vagner Figuerêdo de Santana,IBM Research - Brazil,,Mato Grosso,Brazil,-14.235004,-51.92528
55731481,2017,Vânia Paula de Almeida Néris,Universidade Federal de São Carlos,,São Paulo,Brazil,-21.9839942,-47.8815371
55731481,2017,Kamila Rios da Hora Rodrigues,Universidade Federal de São Carlos,,São Paulo,Brazil,-21.9839942,-47.8815371
55731481,2017,Renata Evangelista de Oliveira,Universidade Federal de São Carlos,,São Paulo,Brazil,-21.9839942,-47.8815371
55731481,2017,Newton Antonio Galindo,Universidade Federal de São Carlos,,São Paulo,Brazil,-21.9839942,-47.8815371
93461498,2017,Juana Figueroa Vélez,Manchester Metropolitan University,Manchester,England,United Kingdom,53.4703704,-2.2391476
93461498,2017,Valeria Ruiz Vargas,Manchester Metropolitan University,Manchester,England,United Kingdom,53.4703704,-2.2391476
93719668,2017,Evren Tok,Hamad bin Khalifa University,Ar Rayyan,Al Rayyan Municipality,Qatar,25.3141314,51.4323474
44931230,2017,DIOGO GALVÃO,University of Beira Interior,Covilhã,Castelo Branco,Portugal,40.277859,-7.508983
44931230,2017,Pedro Dinis Gaspar,University of Beira Interior,Covilhã,Castelo Branco,Portugal,40.277859,-7.508983
44931230,2017,Pedro Dinho da Silva,University of Beira Interior,Covilhã,Castelo Branco,Portugal,40.277859,-7.508983
44931230,2017,Luís C. Pires,University of Beira Interior,Covilhã,Castelo Branco,Portugal,40.277859,-7.508983
90896372,2018,José Holguín‐Veras,Rensselaer Polytechnic Institute,Troy,New York,United States,42.7297628,-73.67888839999999
90896372,2018,Stacey Darville Hodge,New York City Department of Transportation,New York,New York,United States,40.7127753,-74.0059728
90896372,2018,Jeffrey Wojtowicz,Rensselaer Polytechnic Institute,Troy,New York,United States,42.7297628,-73.67888839999999
90896372,2018,Caesar Singh,United States Department of Transportation,Washington,District of Columbia,United States,38.875937,-77.0034577
90896372,2018,Cara Wang,Rensselaer Polytechnic Institute,Troy,New York,United States,42.7297628,-73.67888839999999
90896372,2018,Miguel Jaller,Rensselaer Polytechnic Institute,Troy,New York,United States,42.7297628,-73.67888839999999
90896372,2018,Felipe Aros‐Vera,Rensselaer Polytechnic Institute,Troy,New York,United States,42.7297628,-73.67888839999999
90896372,2018,Kaan Özbay,New York University,New York,New York,United States,40.7127753,-74.0059728
90896372,2018,Andrew Weeks,New York City Department of Transportation,New York,New York,United States,40.7127753,-74.0059728
90896372,2018,Michael Replogle,New York City Department of Transportation,New York,New York,United States,40.7127753,-74.0059728
90896372,2018,Charles Ukegbu,New York City Department of Transportation,New York,New York,United States,40.7127753,-74.0059728
90896372,2018,Jeff Ban,Rensselaer Polytechnic Institute,Troy,New York,United States,42.7297628,-73.67888839999999
90896372,2018,Matthew A. Brom,Rensselaer Polytechnic Institute,Troy,New York,United States,42.7297628,-73.67888839999999
90896372,2018,Shama Campbell,Rensselaer Polytechnic Institute,Troy,New York,United States,42.7297628,-73.67888839999999
90896372,2018,Ivan Sánchez-Díaz,Rensselaer Polytechnic Institute,Troy,New York,United States,42.7297628,-73.67888839999999
90896372,2018,Carlos A. González‐Calderón,Rensselaer Polytechnic Institute,Troy,New York,United States,42.7297628,-73.67888839999999
90896372,2018,Alain L. Kornhauser,Princeton University,Princeton,New Jersey,United States,40.3430942,-74.65507389999999
90896372,2018,Mark Simon,New York City Department of Transportation,New York,New York,United States,40.7127753,-74.0059728
90896372,2018,Susan McSherry,New York City Department of Transportation,New York,New York,United States,40.7127753,-74.0059728
90896372,2018,Asheque Rahman,New York City Department of Transportation,New York,New York,United States,40.7127753,-74.0059728
90896372,2018,Trilce Encarnación,Rensselaer Polytechnic Institute,Troy,New York,United States,42.7297628,-73.67888839999999
90896372,2018,Xia Yang,Rensselaer Polytechnic Institute,Troy,New York,United States,42.7297628,-73.67888839999999
90896372,2018,Diana G. Ramírez-Ríos,Rensselaer Polytechnic Institute,Troy,New York,United States,42.7297628,-73.67888839999999
90896372,2018,Lokesh Kalahasthi,Rensselaer Polytechnic Institute,Troy,New York,United States,42.7297628,-73.67888839999999
90896372,2018,Johanna Amaya,Rensselaer Polytechnic Institute,Troy,New York,United States,42.7297628,-73.67888839999999
90896372,2018,Michael A. Silas,Rensselaer Polytechnic Institute,Troy,New York,United States,42.7297628,-73.67888839999999
90896372,2018,Brandon R. Allen,Rensselaer Polytechnic Institute,Troy,New York,United States,42.7297628,-73.67888839999999
90896372,2018,Brenda Cruz,Rensselaer Polytechnic Institute,Troy,New York,United States,42.7297628,-73.67888839999999
46701388,2018,Andrea Boeri,University of Bologna,Bologna,Emilia-Romagna,Italy,44.4969129,11.352376
46701388,2018,Jacopo Gaspari,University of Bologna,Bologna,Emilia-Romagna,Italy,44.4969129,11.352376
46701388,2018,Valentina Gianfrate,University of Bologna,Bologna,Emilia-Romagna,Italy,44.4969129,11.352376
46701388,2018,Danila Longo,University of Bologna,Bologna,Emilia-Romagna,Italy,44.4969129,11.352376
46701388,2018,Saveria Olga Murielle Boulanger,University of Bologna,Bologna,Emilia-Romagna,Italy,44.4969129,11.352376
13926840,2018,Alessandra Ricciardelli,LUM Jean Monnet University,,,,,
13926840,2018,Francesco Manfredi,LUM Jean Monnet University,,,,,
13926840,2018,Margaret Antonicelli,LUM Jean Monnet University,,,,,
10657730,2018,Maria-Lluïsa Marsal-Llacuna,,,,,,
97621604,2018,Chien‐Sing Lee,Sunway University,,,,,
74496105,2018,Anastasia Stratigea,National Technical University of Athens,Zografou,,Greece,37.9777547,23.7837782
74496105,2018,Akrivi Leka,National Technical University of Athens,Zografou,,Greece,37.9777547,23.7837782
74496105,2018,Μαρία Παναγιωτοπούλου,National Technical University of Athens,Zografou,,Greece,37.9777547,23.7837782
93317898,2018,Pablo A. Egaña del Sol,Asia School of Business,Kuala Lumpur,Wilayah Persekutuan,Malaysia,3.1554656,101.6924639
80059388,2018,Anastasia Stratigea,National Technical University of Athens,Zografou,,Greece,37.9777547,23.7837782
80059388,2018,Akrivi Leka,National Technical University of Athens,Zografou,,Greece,37.9777547,23.7837782
80059388,2018,Μαρία Παναγιωτοπούλου,National Technical University of Athens,Zografou,,Greece,37.9777547,23.7837782
92704113,2018,Nguyen Hoang My Lan,,,,,,
13885333,2019,Janaína Macke,Faculdade Meridional,,Rio Grande do Sul,Brazil,-28.265073,-52.397265
13885333,2019,Jo�ão Alberto Rubim Sarate,Universidade de Caxias do Sul,,Rio Grande do Sul,Brazil,-29.1666901,-51.1495142
13885333,2019,Suane de Atayde Moschen,National Nuclear Energy Commission,,,,,
63257363,2019,Simon J. Pittman,University of Plymouth,Plymouth,England,United Kingdom,50.3758892,-4.1395842
63257363,2019,Lynda D. Rodwell,University of Plymouth,Plymouth,England,United Kingdom,50.3758892,-4.1395842
63257363,2019,Rebecca Shellock,University of Exeter,Exeter,England,United Kingdom,50.7371369,-3.5351475
63257363,2019,Malcolm Williams,Plymouth Marine Laboratory,Plymouth,England,United Kingdom,50.3660894,-4.1481746
63257363,2019,Martin J. Attrill,University of Plymouth,Plymouth,England,United Kingdom,50.3758892,-4.1395842
63257363,2019,Jacob Bedford,Severn Trent (United Kingdom),Moffat,Scotland,United Kingdom,55.378051,-3.435973
63257363,2019,Kaja Curry,University of Plymouth,Plymouth,England,United Kingdom,50.3758892,-4.1395842
63257363,2019,Stephen Fletcher,University of Plymouth,Plymouth,England,United Kingdom,50.3758892,-4.1395842
63257363,2019,Sarah Gall,University of Plymouth,Plymouth,England,United Kingdom,50.3758892,-4.1395842
63257363,2019,Jason Lowther,Plymouth City Council,Plymouth,England,United Kingdom,50.3754565,-4.1426565
63257363,2019,Abigail McQuatters‐Gollop,World Conservation Monitoring Centre,,,,,
63257363,2019,K.L. Moseley,University of Plymouth,Plymouth,England,United Kingdom,50.3758892,-4.1395842
63257363,2019,Siân E. Rees,University of Plymouth,Plymouth,England,United Kingdom,50.3758892,-4.1395842
41150488,2019,Walter Leal Filho,Universität Hamburg,Hamburg,Hamburg,Germany,53.5630754,9.9884042
41150488,2019,Anabela Marisa Azul,HAW Hamburg,Hamburg,Hamburg,Germany,53.55620949999999,10.0225391
41150488,2019,Luciana Brandli,University of Coimbra,Coimbra,Coimbra District,Portugal,40.2076394,-8.4260932
41150488,2019,Pinar Gökcin Özuyar,Universidade de Passo Fundo,,Rio Grande do Sul,Brazil,-28.234493,-52.38044
41150488,2019,Tony Wall,Istinye University,,İstanbul,Türkiye,41.014689,28.9054296
22215249,2019,Elvira Ismagiloiva,University of Bradford,Bradford,England,United Kingdom,53.7914677,-1.766069
22215249,2019,Laurie Hughes,Swansea University,,,,,
22215249,2019,Nripendra P. Rana,Swansea University,,,,,
22215249,2019,Yogesh K. Dwivedi,Swansea University,,,,,
12643205,2019,Filipa Pinto da Silva,Polytechnic Institute of Porto,Porto,Porto,Portugal,41.1791919,-8.5977523
12643205,2019,Filipa Brandão,University of Aveiro,Aveiro,Aveiro,Portugal,40.6305791,-8.6574621
12643205,2019,Bruno Sousa,Polytechnic Institute of Cávado and Ave,Barcelos,Braga,Portugal,41.53699719999999,-8.627731
79310167,2019,Tahia Devisscher,,,,,,
79310167,2019,Cecil C. Konijnendijk,,,,,,
79310167,2019,Lorien Nesbitt,,,,,,
79310167,2019,Jennifer Lenhart,,,,,,
79310167,2019,Fabio Salbitano,,,,,,
79310167,2019,Zhaohua Cheng,,,,,,
79310167,2019,Shuaib Lwasa,,,,,,
79310167,2019,Matilda van den Bosch,,,,,,
87028269,2019,Batara Surya,Universitas Bosowa,Makassar,South Sulawesi,Indonesia,-5.1387363,119.4435505
87028269,2019,Haeruddin Saleh,Universitas Bosowa,Makassar,South Sulawesi,Indonesia,-5.1387363,119.4435505
87028269,2019,Herminawaty Abubaka,Universitas Bosowa,Makassar,South Sulawesi,Indonesia,-5.1387363,119.4435505
69620908,2019,Richard Knowles,,,,,,
69620908,2019,Fiona Ferbrache,,,,,,
41771741,2019,Yu-Ra Lim,Hankuk University of Foreign Studies,,Seoul,South Korea,37.5974453,127.0588002
41771741,2019,Dong-uk Im,Hankuk University of Foreign Studies,,Seoul,South Korea,37.5974453,127.0588002
41771741,2019,Jongoh Lee,Hankuk University of Foreign Studies,,Seoul,South Korea,37.5974453,127.0588002
13687029,2019,Sudipta Kiran Sarkar,Woosong University,,Daejeon,South Korea,36.3344412,127.451952
13687029,2019,Michail Toanoglou,Woosong University,,Daejeon,South Korea,36.3344412,127.451952
13687029,2019,Babu George,Fort Hays State University,Hays,Kansas,United States,38.8714463,-99.3444887
75516766,2019,William L. Swann,University of Colorado Denver,Denver,Colorado,United States,39.7463596,-105.002342
75516766,2019,Shelley McMullen,University of Colorado Denver,Denver,Colorado,United States,39.7463596,-105.002342
75516766,2019,Dan Graeve,University of Colorado Denver,Denver,Colorado,United States,39.7463596,-105.002342
75516766,2019,Seo Young Kim,University of Colorado Denver,Denver,Colorado,United States,39.7463596,-105.002342
99930026,2019,Kai Neumann,,,,,,
56010256,2019,Paramita Rahayu,Sebelas Maret University,,Jawa Tengah,Indonesia,-7.559627399999999,110.8563805
56010256,2019,Erma Fitria Rini,Sebelas Maret University,,Jawa Tengah,Indonesia,-7.559627399999999,110.8563805
23846327,2019,Toshio Nakajima,Japan Real Estate Institute,Nagawa,Nagano,Japan,36.204824,138.252924
23846327,2019,Motohiko Umeyama,Tokyo Metropolitan University,八王子市,東京都,Japan,35.6172487,139.3771559
83386070,2019,Sri Haryani,University of Brawijaya,,Jawa Timur,Indonesia,-7.952465,112.613677
52124814,2019,Stavrianakis,Indiana University Bloomington,Bloomington,Indiana,United States,39.1682449,-86.52300729999999
52124814,2019,Farmer,Indiana University Bloomington,Bloomington,Indiana,United States,39.1682449,-86.52300729999999
5717188,2019,Claudia Trillo,University of Salford,Salford,England,United Kingdom,53.48723260000001,-2.2737375
73261221,2019,David Teh,RMIT University,Melbourne,Victoria,Australia,-37.8083331,144.9639386
73261221,2019,Tehmina Khan,RMIT University,Melbourne,Victoria,Australia,-37.8083331,144.9639386
67964336,2019,Pablo A. Egaña del Sol,Massachusetts Institute of Technology,Cambridge,Massachusetts,United States,42.360091,-71.09416
30858771,2019,H Najwat,Diponegoro University,,Jawa Tengah,Indonesia,-7.051962499999999,110.4408916
30858771,2019,Lexi Z. Hikmah,Diponegoro University,,Jawa Tengah,Indonesia,-7.051962499999999,110.4408916
55210559,2019,Luciene Pimentel da Silva,Pontifícia Universidade Católica do Paraná,,Paraná,Brazil,-25.4515693,-49.25274719999999
55210559,2019,Fábio Teodoro de Souza,Pontifícia Universidade Católica do Paraná,,Paraná,Brazil,-25.4515693,-49.25274719999999
97356035,2019,Hafizah Rosli,Universiti Sains Malaysia,Gelugor,Pulau Pinang,Malaysia,5.3555943,100.3025455
97356035,2019,Narimah Samat,Universiti Sains Malaysia,Gelugor,Pulau Pinang,Malaysia,5.3555943,100.3025455
97356035,2019,Radieah Mohd Nor,Universiti Sains Malaysia,Gelugor,Pulau Pinang,Malaysia,5.3555943,100.3025455
62304125,2019,Satya Budi Nugraha,State University of Semarang,,Central Java,Indonesia,-7.0506356,110.3924228
62304125,2019,Husna Fauzia,Public Works,,,,,
45930453,2019,Kate Zinszer,Université de Montréal,Montreal,Quebec,Canada,45.5018869,-73.56739189999999
45930453,2019,Andréa Caprara,Universidade Estadual do Ceará,,Ceará,Brazil,-3.7882864,-38.5533951
45930453,2019,A.M.N. Lima,Prefeitura Municipal de Tauá,Tauá,Ceará,Brazil,-6.0032698,-40.2946389
45930453,2019,Stéphanie Degroote,Université de Montréal,Montreal,Quebec,Canada,45.5018869,-73.56739189999999
45930453,2019,Monica Zahreddine,Université de Montréal,Montreal,Quebec,Canada,45.5018869,-73.56739189999999
45930453,2019,Kellyanne Abreu,Universidade Estadual do Ceará,,Ceará,Brazil,-3.7882864,-38.5533951
45930453,2019,Mabel Carabalí,McGill University,Montréal,Québec,Canada,45.50601839999999,-73.5783235
45930453,2019,Katia Charland,Université de Montréal,Montreal,Quebec,Canada,45.5018869,-73.56739189999999
45930453,2019,Mayana Azevedo Dantas,Universidade Estadual do Ceará,,Ceará,Brazil,-3.7882864,-38.5533951
45930453,2019,José Wellington,Universidade Estadual do Ceará,,Ceará,Brazil,-3.7882864,-38.5533951
45930453,2019,Beatriz Parra,Universidad del Valle,,,,,
45930453,2019,Florence Fournet,Institut de Recherche pour le Développement,,,,,
45930453,2019,Emmanuel Bonnet,Institut de Recherche pour le Développement,,,,,
45930453,2019,Denis Pérez,Université de Montréal,Montreal,Quebec,Canada,45.5018869,-73.56739189999999
45930453,2019,Émilie Robert,"University of California, San Diego",San Diego,California,United States,32.881168,-117.2343605
45930453,2019,Christian Dagenais,"University of California, San Diego",San Diego,California,United States,32.881168,-117.2343605
45930453,2019,Tarik Benmarhnia,"University of California, San Diego",San Diego,California,United States,32.881168,-117.2343605
45930453,2019,Neil Andersson,McGill University,Montréal,Québec,Canada,45.50601839999999,-73.5783235
45930453,2019,Valéry Ridde,Institut de Recherche pour le Développement,,,,,
29909841,2019,Kate Zinszer,Université de Montréal,Montreal,Quebec,Canada,45.5018869,-73.56739189999999
29909841,2019,Andréa Caprara,Universidade Estadual do Ceará,,Ceará,Brazil,-3.7882864,-38.5533951
29909841,2019,A.M.N. Lima,Prefeitura Municipal de Tauá,Tauá,Ceará,Brazil,-6.0032698,-40.2946389
29909841,2019,Stéphanie Degroote,Institut de Recherche pour le Développement,,,,,
29909841,2019,Monica Zahreddine,Université de Montréal,Montreal,Quebec,Canada,45.5018869,-73.56739189999999
29909841,2019,Kellyanne Abreu,Universidade Estadual do Ceará,,Ceará,Brazil,-3.7882864,-38.5533951
29909841,2019,Mabel Carabalí,McGill University,Montréal,Québec,Canada,45.50601839999999,-73.5783235
29909841,2019,Katia Charland,Université de Montréal,Montreal,Quebec,Canada,45.5018869,-73.56739189999999
29909841,2019,Mayana Azevedo Dantas,Universidade Estadual do Ceará,,Ceará,Brazil,-3.7882864,-38.5533951
29909841,2019,José Wellington,Universidade Estadual do Ceará,,Ceará,Brazil,-3.7882864,-38.5533951
29909841,2019,Beatriz Parra,Universidad del Valle,,,,,
29909841,2019,Florence Fournet,Institut de Recherche pour le Développement,,,,,
29909841,2019,Emmanuel Bonnet,Institut de Recherche pour le Développement,,,,,
29909841,2019,Denis Pérez,Université de Montréal,Montreal,Quebec,Canada,45.5018869,-73.56739189999999
29909841,2019,Émilie Robert,Université de Montréal,Montreal,Quebec,Canada,45.5018869,-73.56739189999999
29909841,2019,Christian Dagenais,"University of California, San Diego",San Diego,California,United States,32.881168,-117.2343605
29909841,2019,Tarik Benmarhnia,McGill University,Montréal,Québec,Canada,45.50601839999999,-73.5783235
29909841,2019,Neil Andersson,Institut de Recherche pour le Développement,,,,,
87059266,2019,Seher KALENDER ÇETİNKAYA,Fatih Sultan Mehmet Waqf University,,,,,
5401346,2019,Tania Malrechauffe Came,,,,,,
42680615,2019,Ghada Farouk Hassan,,,,,,
29583345,2019,Kate Zinszer,Université de Montréal,Montreal,Quebec,Canada,45.5018869,-73.56739189999999
29583345,2019,Andréa Caprara,Universidade Estadual do Ceará,,Ceará,Brazil,-3.7882864,-38.5533951
29583345,2019,A.M.N. Lima,Prefeitura Municipal de Tauá,Tauá,Ceará,Brazil,-6.0032698,-40.2946389
29583345,2019,Stéphanie Degroote,Université de Montréal,Montreal,Quebec,Canada,45.5018869,-73.56739189999999
29583345,2019,Monica Zahreddine,Université de Montréal,Montreal,Quebec,Canada,45.5018869,-73.56739189999999
29583345,2019,Kellyanne Abreu,Universidade Estadual do Ceará,,Ceará,Brazil,-3.7882864,-38.5533951
29583345,2019,Mabel Carabalí,McGill University,Montréal,Québec,Canada,45.50601839999999,-73.5783235
29583345,2019,Katia Charland,Université de Montréal,Montreal,Quebec,Canada,45.5018869,-73.56739189999999
29583345,2019,Mayana Azevedo Dantas,Universidade Estadual do Ceará,,Ceará,Brazil,-3.7882864,-38.5533951
29583345,2019,José Wellington,Universidade Estadual do Ceará,,Ceará,Brazil,-3.7882864,-38.5533951
29583345,2019,Beatriz Parra,Universidad del Valle,,,,,
29583345,2019,Florence Fournet,Institut de Recherche pour le Développement,,,,,
29583345,2019,Emmanuel Bonnet,Institut de Recherche pour le Développement,,,,,
29583345,2019,Denis Pérez,Université de Montréal,Montreal,Quebec,Canada,45.5018869,-73.56739189999999
29583345,2019,Émilie Robert,"University of California, San Diego",San Diego,California,United States,32.881168,-117.2343605
29583345,2019,Christian Dagenais,"University of California, San Diego",San Diego,California,United States,32.881168,-117.2343605
29583345,2019,Tarik Benmarhnia,"University of California, San Diego",San Diego,California,United States,32.881168,-117.2343605
29583345,2019,Neil Andersson,McGill University,Montréal,Québec,Canada,45.50601839999999,-73.5783235
29583345,2019,Valéry Ridde,Institut de Recherche pour le Développement,,,,,
12418345,2020,Veronika Zavratnik,University of Ljubljana,Ljubljana,Ljubljana,Slovenia,46.0491938,14.5041552
12418345,2020,Dan Podjed,University of Ljubljana,Ljubljana,Ljubljana,Slovenia,46.0491938,14.5041552
12418345,2020,Jure Trilar,Slovenian Academy of Sciences and Arts,Ljubljana,Ljubljana,Slovenia,46.0476456,14.5044815
12418345,2020,Nina Hlebec,Research Centre of the Slovenian Academy of Sciences and Arts,Ljubljana,Ljubljana,Slovenia,46.0476456,14.5044815
12418345,2020,Andrej Kos,University of Ljubljana,Ljubljana,Ljubljana,Slovenia,46.0491938,14.5041552
12418345,2020,Emilija Stojmenova Duh,University of Ljubljana,Ljubljana,Ljubljana,Slovenia,46.0491938,14.5041552
80019726,2020,Batara Surya,Universitas Bosowa,Makassar,South Sulawesi,Indonesia,-5.1387363,119.4435505
80019726,2020,Hadijah Hadijah,Universitas Bosowa,Makassar,South Sulawesi,Indonesia,-5.1387363,119.4435505
80019726,2020,Seri Suriani,Universitas Bosowa,Makassar,South Sulawesi,Indonesia,-5.1387363,119.4435505
80019726,2020,Baharuddin Baharuddin,Universitas Bosowa,Makassar,South Sulawesi,Indonesia,-5.1387363,119.4435505
80019726,2020,Andi Tenri Fitriyah,Universitas Bosowa,Makassar,South Sulawesi,Indonesia,-5.1387363,119.4435505
80019726,2020,Firman Menne,Universitas Bosowa,Makassar,South Sulawesi,Indonesia,-5.1387363,119.4435505
80019726,2020,Emil Salim Rasyidi,Universitas Bosowa,Makassar,South Sulawesi,Indonesia,-5.1387363,119.4435505
58881433,2020,Adriane MacDonald,University of Lethbridge,Lethbridge,Alberta,Canada,49.6956181,-112.8451067
58881433,2020,Amelia Clarke,University of Waterloo,Waterloo,Ontario,Canada,43.4722854,-80.5448576
58881433,2020,Eduardo Ordonez‐Ponce,Athabasca University,Athabasca,Alberta,Canada,54.714955,-113.308545
58881433,2020,Ziqi Chai,University of Waterloo,Waterloo,Ontario,Canada,43.4722854,-80.5448576
58881433,2020,Jordan Andreasen,University of Lethbridge,Lethbridge,Alberta,Canada,49.6956181,-112.8451067
11795347,2020,Nur Khairlida Muhamad Khair,National University of Malaysia,Bangi,Selangor,Malaysia,2.9289681,101.7800927
11795347,2020,Khai Ern Lee,National University of Malaysia,Bangi,Selangor,Malaysia,2.9289681,101.7800927
11795347,2020,Mazlin Mokhtar,Sunway University,,,,,
3193544,2020,Tan Yiğitcanlar,Queensland University of Technology,Brisbane City,Queensland,Australia,-27.4773131,153.0270449
992704,2020,Kate Zinszer,The Quebec Population Health Research Network,Québec City,Quebec,Canada,46.8130816,-71.20745959999999
992704,2020,Andréa Caprara,Université de Montréal,Montreal,Quebec,Canada,45.5018869,-73.56739189999999
992704,2020,António Lima,McGill University Health Centre,Montréal,Québec,Canada,45.4732202,-73.6009187
992704,2020,Stéphanie Degroote,The Quebec Population Health Research Network,Québec City,Quebec,Canada,46.8130816,-71.20745959999999
992704,2020,Monica Zahreddine,Universidade de Fortaleza,,Ceará,Brazil,-3.7687753,-38.478061
992704,2020,Kellyanne Abreu,Institut du Développement Durable et des Relations Internationales,,,,,
992704,2020,Mabel Carabalí,Université de Montréal,Montreal,Quebec,Canada,45.5018869,-73.56739189999999
992704,2020,Katia Charland,The Quebec Population Health Research Network,Québec City,Quebec,Canada,46.8130816,-71.20745959999999
992704,2020,Mayana Azevedo Dantas,McGill University,Montréal,Québec,Canada,45.50601839999999,-73.5783235
992704,2020,José Wellington,Université de Montréal,Montreal,Quebec,Canada,45.5018869,-73.56739189999999
992704,2020,Beatriz Parra,The Quebec Population Health Research Network,Québec City,Quebec,Canada,46.8130816,-71.20745959999999
992704,2020,Florence Fournet,The Quebec Population Health Research Network,Québec City,Quebec,Canada,46.8130816,-71.20745959999999
992704,2020,Emmanuel Bonnet,Institut du Développement Durable et des Relations Internationales,,,,,
992704,2020,Denis Pérez,Institut du Développement Durable et des Relations Internationales,,,,,
992704,2020,Émilie Robert,Instituto de Medicina Tropical “Pedro Kourí”,Havana,Havana,Cuba,23.0356075,-82.47696789999999
992704,2020,Christian Dagenais,Université de Montréal,Montreal,Quebec,Canada,45.5018869,-73.56739189999999
992704,2020,Tarik Benmarhnia,Computer Research Institute of Montréal,Montreal,Quebec,Canada,45.5018869,-73.56739189999999
992704,2020,Neil Andersson,Université de Montréal,Montreal,Quebec,Canada,45.5018869,-73.56739189999999
992704,2020,Valéry Ridde,"University of California, San Diego",San Diego,California,United States,32.881168,-117.2343605
42192369,2020,Alia Fajarwati,Universitas Gadjah Mada,,Daerah Istimewa Yogyakarta,Indonesia,-7.7711974,110.3790996
42192369,2020,Agustina Setyaningrum,Universitas Teknologi Yogyakarta,,Daerah Istimewa Yogyakarta,Indonesia,-7.7475128,110.3554162
42192369,2020,Rini Rachmawati,Universitas Gadjah Mada,,Daerah Istimewa Yogyakarta,Indonesia,-7.7711974,110.3790996
42192369,2020,Bambang Sriyanto Eko Prakoso,Universitas Gadjah Mada,,Daerah Istimewa Yogyakarta,Indonesia,-7.7711974,110.3790996
50140101,2020,Jeanette A.M Seko,North-West University,Potchefstroom,North West,South Africa,-26.6906445,27.0928977
50140101,2020,Eddie Bain,North-West University,Potchefstroom,North West,South Africa,-26.6906445,27.0928977
50140101,2020,Phokele Maponya,Consiglio per la ricerca in agricoltura e l’analisi dell’economia agraria,,,,,
27863998,2020,Firas Alrawi,University of Baghdad,Baghdad,Baghdad Governorate,Iraq,33.2791152,44.3848327
27863998,2020,Khalid Alwani,University of Anbar,Ramadi,Al Anbar Governorate,Iraq,33.3999116,43.2640866
27863998,2020,Hamid Ahmed Awad Alacash,University of Anbar,Ramadi,Al Anbar Governorate,Iraq,33.3999116,43.2640866
27863998,2020,Seda Mesrop,University of Technology - Iraq,Baghdad,Baghdad Governorate,Iraq,33.3098198,44.4481985
15702051,2020,Rizky Amanda Vidianti,University of Brawijaya,,Jawa Timur,Indonesia,-7.952465,112.613677
15702051,2020,Surjono Surjono,University of Brawijaya,,Jawa Timur,Indonesia,-7.952465,112.613677
97867872,2020,Ana Carolina Lopes de Almeida,Griffith University,Nathan,Queensland,Australia,-27.5530181,153.0510796
97867872,2020,Peter Davey,Griffith University,Nathan,Queensland,Australia,-27.5530181,153.0510796
69238783,2020,Antonia Miserka,,,,,,
21272761,2020,Alfajri Alfajri,Universitas Abdurrab,,Riau,Indonesia,0.5348750000000001,101.4184333
21272761,2020,Luerdi Luerdi,Universitas Abdurrab,,Riau,Indonesia,0.5348750000000001,101.4184333
85289418,2020,Andrew Wiese,San Diego State University,San Diego,California,United States,32.77641210000001,-117.0719191
30414980,2020,Sushardjanti Felasari,Atma Jaya University Yogyakarta,,Daerah Istimewa Yogyakarta,Indonesia,-7.7804399,110.4141109
70871788,2020,Nur Amalina Aziz,Universiti Teknologi MARA,Shah Alam,Selangor,Malaysia,3.0697652,101.5036823
70871788,2020,Yarina Ahmad,Universiti Teknologi MARA,Shah Alam,Selangor,Malaysia,3.0697652,101.5036823
70871788,2020,Azizan Zainuddin,Universiti Teknologi MARA,Shah Alam,Selangor,Malaysia,3.0697652,101.5036823
67586817,2020,D Werdhani,University of Indonesia,,Jawa Barat,Indonesia,-6.3606229,106.8272343
67586817,2020,Mahawan Karuniasa,University of Indonesia,,Jawa Barat,Indonesia,-6.3606229,106.8272343
12321400,2020,Theocharis Tsoutsos,Technical University of Crete,Kounoupidiana,,Greece,35.529257,24.0687454
96179797,2020,Yasser ElSayed Fouda,Tanta University,,محافظة الغربية,Egypt,30.7985967,31.0017982
96179797,2020,Deena Mohamed ElKhazendar,Tanta University,,محافظة الغربية,Egypt,30.7985967,31.0017982
55801978,2020,Luerdi Luerdi,Universitas Abdurrab,,Riau,Indonesia,0.5348750000000001,101.4184333
55801978,2020,Alfajri Alfajri,Universitas Abdurrab,,Riau,Indonesia,0.5348750000000001,101.4184333
16244433,2020,Samara da Silva Neiva,Universidade do Sul de Santa Catarina,,Santa Catarina,Brazil,-28.4803289,-49.0211642
16244433,2020,André Borchardt Deggau,Universidade do Sul de Santa Catarina,,Santa Catarina,Brazil,-28.4803289,-49.0211642
16244433,2020,Manoela de Oliveira Veras,Universidade do Sul de Santa Catarina,,Santa Catarina,Brazil,-28.4803289,-49.0211642
60476442,2020,Giuliano Dall’O’,Politecnico di Milano,Milan,Lombardy,Italy,45.468503,9.182402699999999
84091329,2020,Mary Olufunke Adedokun,Ekiti State University,Ado Ekiti,Ekiti,Nigeria,7.714086899999999,5.260115
84091329,2020,Comfort Wuraola Adeyemo,Ekiti State University,Ado Ekiti,Ekiti,Nigeria,7.714086899999999,5.260115
84091329,2020,Babajide Gabriel Agboola,Ekiti State University,Ado Ekiti,Ekiti,Nigeria,7.714086899999999,5.260115
84091329,2020,Gladys Modupe Kayode,Ekiti State University,Ado Ekiti,Ekiti,Nigeria,7.714086899999999,5.260115
81846500,2020,David Teh,RMIT University,Melbourne,Victoria,Australia,-37.8083331,144.9639386
81846500,2020,Tehmina Khan,RMIT University,Melbourne,Victoria,Australia,-37.8083331,144.9639386
29106108,2020,Claudia Trillo,University of Salford,Salford,England,United Kingdom,53.48723260000001,-2.2737375
50211028,2021,Batara Surya,Universitas Bosowa,Makassar,South Sulawesi,Indonesia,-5.1387363,119.4435505
50211028,2021,Seri Suriani,Universitas Bosowa,Makassar,South Sulawesi,Indonesia,-5.1387363,119.4435505
50211028,2021,Firman Menne,Universitas Bosowa,Makassar,South Sulawesi,Indonesia,-5.1387363,119.4435505
50211028,2021,Herminawaty Abubakar,Universitas Bosowa,Makassar,South Sulawesi,Indonesia,-5.1387363,119.4435505
50211028,2021,Muhammad Idris,Universitas Bosowa,Makassar,South Sulawesi,Indonesia,-5.1387363,119.4435505
50211028,2021,Emil Salim Rasyidi,Universitas Bosowa,Makassar,South Sulawesi,Indonesia,-5.1387363,119.4435505
50211028,2021,Hasanuddin Remmang,Universitas Bosowa,Makassar,South Sulawesi,Indonesia,-5.1387363,119.4435505
65677485,2021,Irati Otamendi-Irizar,University of the Basque Country,Leioa,Euskadi,Spain,43.3308985,-2.9680574
65677485,2021,Olatz Grijalba,University of the Basque Country,Leioa,Euskadi,Spain,43.3308985,-2.9680574
65677485,2021,Alba Arias,University of the Basque Country,Leioa,Euskadi,Spain,43.3308985,-2.9680574
65677485,2021,Claudia Pennese,University of the Basque Country,Leioa,Euskadi,Spain,43.3308985,-2.9680574
33087531,2021,Mochamad Arief Budihardjo,Diponegoro University,,Jawa Tengah,Indonesia,-7.051962499999999,110.4408916
33087531,2021,Septa Yudha Ardiansyah,Diponegoro University,,Jawa Tengah,Indonesia,-7.051962499999999,110.4408916
33087531,2021,Bimastyaji Surya Ramadan,Diponegoro University,,Jawa Tengah,Indonesia,-7.051962499999999,110.4408916
42853059,2021,Terence Fell,Mälardalen University,Västerås,Västmanlands län,Sweden,59.61857819999999,16.5407143
42853059,2021,Johanna Mattsson,Mälardalen University,Västerås,Västmanlands län,Sweden,59.61857819999999,16.5407143
62487502,2021,Jianbo Han,Hong Kong Polytechnic University,,Kowloon,Hong Kong,22.3045633,114.1795767
62487502,2021,Edwin H.W. Chan,Hong Kong Polytechnic University,,Kowloon,Hong Kong,22.3045633,114.1795767
62487502,2021,Queena K. Qian,Delft University of Technology,Delft,Zuid-Holland,Netherlands,52.0021919,4.3735766
62487502,2021,Esther H.K. Yung,Hong Kong Polytechnic University,,Kowloon,Hong Kong,22.3045633,114.1795767
1118383,2021,Stephan Barthel,,,,,,
1118383,2021,Johan Colding,,,,,,
1118383,2021,Anne-Sofie Hiswåls,,,,,,
1118383,2021,Peder Thalén,,,,,,
1118383,2021,Päivi Turunen,,,,,,
50993096,2021,Elizabeth Schenk,,,,,,
50993096,2021,Teddie Potter,,,,,,
50993096,2021,Cara Cook,,,,,,
50993096,2021,Katie Huffling,,,,,,
50993096,2021,William E. Rosa,,,,,,
76450443,2021,Anže Babič,University of Ljubljana,Ljubljana,Ljubljana,Slovenia,46.0491938,14.5041552
76450443,2021,Matjaž Dolšek,University of Ljubljana,Ljubljana,Ljubljana,Slovenia,46.0491938,14.5041552
76450443,2021,Jure Žižmond,University of Ljubljana,Ljubljana,Ljubljana,Slovenia,46.0491938,14.5041552
98416388,2021,Batara Surya,Universitas Bosowa,Makassar,South Sulawesi,Indonesia,-5.1387363,119.4435505
98416388,2021,Agus Salim,Universitas Bosowa,Makassar,South Sulawesi,Indonesia,-5.1387363,119.4435505
98416388,2021,Hernita Hernita,Universitas Bosowa,Makassar,South Sulawesi,Indonesia,-5.1387363,119.4435505
98416388,2021,Seri Suriani,Universitas Bosowa,Makassar,South Sulawesi,Indonesia,-5.1387363,119.4435505
98416388,2021,Herminawaty Abubakar,Universitas Bosowa,Makassar,South Sulawesi,Indonesia,-5.1387363,119.4435505
86318377,2021,Md. Faruque Hossain,Kennesaw State University,Kennesaw,Georgia,United States,34.0380784,-84.5815717
47029061,2021,Jiwu Wang,Zhejiang University,Hang Zhou Shi,Zhe Jiang Sheng,China,30.30868439999999,120.0864995
47029061,2021,Xuewei Hu,Zhejiang Province Institute of Architectural Design and Research,Hang Zhou Shi,Zhejiang,China,30.2655499,120.1536
47029061,2021,Chengyu Tong,Zhejiang Province Institute of Architectural Design and Research,Hang Zhou Shi,Zhejiang,China,30.2655499,120.1536
46518414,2021,Hoi Huynh Tan,FPT University,,Hà Nội,Vietnam,21.0124167,105.5252892
39273059,2021,Moch. Agus Krisno Budiyanto,Universitas Muhammadiyah Malang,Malang,East Java,Indonesia,-7.9666204,112.6326321
39273059,2021,Abdulkadir Rahardjanto,Universitas Muhammadiyah Malang,Malang,East Java,Indonesia,-7.9666204,112.6326321
39273059,2021,Samsun Hadi,Universitas Muhammadiyah Malang,Malang,East Java,Indonesia,-7.9666204,112.6326321
39273059,2021,Husamah Husamah,Universitas Muhammadiyah Malang,Malang,East Java,Indonesia,-7.9666204,112.6326321
4753916,2021,Sarah Abdulkareem Salih,Universiti Putra Malaysia,Padang Tengku,Pahang,Malaysia,4.210484,101.975766
4753916,2021,Sumarni Ismail,Universiti Putra Malaysia,Padang Tengku,Pahang,Malaysia,4.210484,101.975766
4753916,2021,Azmal Sabil,Tun Hussein Onn University of Malaysia,Parit Raja,Johor Darul Ta'zim,Malaysia,1.8572606,103.0820799
2775858,2021,Ludger Niemann,The Hague University of Applied Sciences,Den Haag,Zuid-Holland,Netherlands,52.0670747,4.323974
2775858,2021,Thomas Hoppe,Delft University of Technology,Delft,Zuid-Holland,Netherlands,52.0021919,4.3735766
97887353,2021,ALFRED ALFONSO ANTOH,Cenderawasih University,,Papua,Indonesia,-2.5822916,140.6558919
33360090,2021,Julie S. Berame,Caraga State University,Butuan City,Caraga,Philippines,8.957446599999999,125.5974321
33360090,2021,Minie L Bulay,Caraga State University,Butuan City,Caraga,Philippines,8.957446599999999,125.5974321
33360090,2021,RISSA M. MERCADO,Caraga State University,Butuan City,Caraga,Philippines,8.957446599999999,125.5974321
9588109,2021,Seham Mostafa Qutb,Cairo University,,Giza Governorate,Egypt,30.0272027,31.2085262
44160609,2021,Rospita Odorlina P. Situmorang,Universitas Trisakti,,Daerah Khusus Ibukota Jakarta,Indonesia,-6.167812199999999,106.7901209
44160609,2021,A Sudikno,University of Brawijaya,,Jawa Timur,Indonesia,-7.952465,112.613677
44160609,2021,S Surjono,University of Brawijaya,,Jawa Timur,Indonesia,-7.952465,112.613677
44160609,2021,Agus Dwi Wicaksono,University of Brawijaya,,Jawa Timur,Indonesia,-7.952465,112.613677
68277627,2021,Ameera Jaleel Ahmed,University of Babylon,Hillah,Babylon Governorate,Iraq,32.3938351,44.3983524
68277627,2021,Haider Jumaa,University of Babylon,Hillah,Babylon Governorate,Iraq,32.3938351,44.3983524
43830797,2021,Saputra Adiwijaya,University of Palangka Raya,,Kalimantan Tengah,Indonesia,-2.2158647,113.9012145
43830797,2021,Purnama Julia Utami,University of Palangka Raya,,Kalimantan Tengah,Indonesia,-2.2158647,113.9012145
43830797,2021,Herlina Eka Shinta,University of Palangka Raya,,Kalimantan Tengah,Indonesia,-2.2158647,113.9012145
43830797,2021,Yovita Yovita,University of Palangka Raya,,Kalimantan Tengah,Indonesia,-2.2158647,113.9012145
70710696,2021,Sofia Anna Enrica Cavalleri,,,,,,
32445700,2021,Nguyễn Quang Tân,Okayama University,Okayama,Okayama,Japan,34.687057,133.9222083
32445700,2021,Fumikazu Ubukata,Hue University,Thành phố Huế,Thành phố Huế,Vietnam,16.4582908,107.5796112
32445700,2021,Nguyễn Công Định,Hue University,Thành phố Huế,Thành phố Huế,Vietnam,16.4582908,107.5796112
49982275,2022,Jarosław Wątróbski,University of Szczecin,Szczecin,Województwo zachodniopomorskie,Poland,53.4364995,14.5447261
49982275,2022,Aleksandra Bączkiewicz,University of Szczecin,Szczecin,Województwo zachodniopomorskie,Poland,53.4364995,14.5447261
49982275,2022,Ewa Ziemba,University of Economics in Katowice,Katowice,Województwo śląskie,Poland,50.2584208,19.0447436
49982275,2022,Wojciech Sałabun,National Institute of Telecommunications,Warszawa,Województwo mazowieckie,Poland,52.1728327,21.1965861
39711260,2022,Kim Irvine,Thammasat University,,,,,
39711260,2022,Asan Suwanarit,Thammasat University,,,,,
39711260,2022,Fa Likitswat,Thammasat University,,,,,
39711260,2022,Hansa Srilertchaipanij,Thammasat University,,,,,
39711260,2022,Massimo Ingegno,Thammasat University,,,,,
39711260,2022,Peeradorn Kaewlai,Thammasat University,,,,,
39711260,2022,Pranisa Boonkam,Thammasat University,,,,,
39711260,2022,Nij Tontisirin,Thammasat University,,,,,
39711260,2022,Alisa Sahavacharin,Thammasat University,,,,,
39711260,2022,Jitiporn Wongwatcharapaiboon,Thammasat University,,,,,
39711260,2022,Shusak Janpathompong,Chulalongkorn University,,,,,
18287629,2022,Karolina M. Zielińska-Dabkowska,Gdańsk University of Technology,Gdańsk,Województwo pomorskie,Poland,54.3716781,18.6163196
98055020,2022,Cristina Alpopi,Bucharest University of Economic Studies,București,București,Romania,44.447468,26.0978785
98055020,2022,Ştefan Gabriel Burcea,Bucharest University of Economic Studies,București,București,Romania,44.447468,26.0978785
98055020,2022,Ruxandra Irina Popescu,Bucharest University of Economic Studies,București,București,Romania,44.447468,26.0978785
98055020,2022,Sorin Burlacu,Bucharest University of Economic Studies,București,București,Romania,44.447468,26.0978785
17447666,2022,Rafael de Miguel González,Universidad de Zaragoza,Zaragoza,Aragón,Spain,41.6420639,-0.9015065
17447666,2022,María Sebastián López,Universidad de Zaragoza,Zaragoza,Aragón,Spain,41.6420639,-0.9015065
35815095,2022,Sinan Küfeoğlu,University of Cambridge,Cambridge,England,United Kingdom,52.205356,0.113168
81535510,2022,Bartosz Bartniczak,Wroclaw University of Economics and Business,Wrocław,Województwo dolnośląskie,Poland,51.090502,17.026347
81535510,2022,Andrzej Raszkowski,Wroclaw University of Economics and Business,Wrocław,Województwo dolnośląskie,Poland,51.090502,17.026347
14434783,2022,Salma Salma,Universitas Muhammadiyah Buton,,Sulawesi Tenggara,Indonesia,-5.462900599999999,122.5998094
14434783,2022,Andy Arya Maulana Wijaya,Universitas Muhammadiyah Buton,,Sulawesi Tenggara,Indonesia,-5.462900599999999,122.5998094
14434783,2022,Muh. Askal Basir,Universitas Muhammadiyah Buton,,Sulawesi Tenggara,Indonesia,-5.462900599999999,122.5998094
14434783,2022,Herman Lawelai,Universitas Muhammadiyah Buton,,Sulawesi Tenggara,Indonesia,-5.462900599999999,122.5998094
84289167,2022,Mark Joseph J. Buncag,,,,,,
99337977,2022,Fabian Klebl,Humboldt-Universität zu Berlin,Berlin,Berlin,Germany,52.517883,13.3936551
99337977,2022,Beatrice Walthall,Leibniz Centre for Agricultural Landscape Research,Müncheberg,Brandenburg,Germany,52.5158508,14.1129137
99337977,2022,José Luis Vicente‐Vicente,Leibniz Centre for Agricultural Landscape Research,Müncheberg,Brandenburg,Germany,52.5158508,14.1129137
44038489,2022,Simona‐Vasilica Oprea,Bucharest University of Economic Studies,București,București,Romania,44.447468,26.0978785
44038489,2022,Adela Bârã,Bucharest University of Economic Studies,București,București,Romania,44.447468,26.0978785
44038489,2022,Cristian Ciurea,Bucharest University of Economic Studies,București,București,Romania,44.447468,26.0978785
44038489,2022,Laura Florentina Stoica,Lucian Blaga University of Sibiu,Sibiu,Județul Sibiu,Romania,45.79066050000001,24.1451577
63076819,2022,Ingrid Jahrl,University of Lausanne,Lausanne,Vaud,Switzerland,46.5210895,6.5801606
63076819,2022,Olivier Ejderyan,Forschungsinstitut für Biologischen Landbau,,,,,
63076819,2022,Joëlle Salomon Cavin,Forschungsinstitut für Biologischen Landbau,,,,,
23373150,2022,Weng Wai Choong,University of Technology Malaysia,Skudai,Johor Darul Ta'zim,Malaysia,1.5584681,103.6378169
23373150,2022,Siaw-Chui Wee,University of Technology Malaysia,Skudai,Johor Darul Ta'zim,Malaysia,1.5584681,103.6378169
23373150,2022,Low Sheau-Ting,University of Technology Malaysia,Skudai,Johor Darul Ta'zim,Malaysia,1.5584681,103.6378169
23373150,2022,Chin Hon-Choong,Universiti Tunku Abdul Rahman,Kampar,Perak,Malaysia,4.3348363,101.1351317
23373150,2022,Asma Idayu Izhar,University of Technology Malaysia,Skudai,Johor Darul Ta'zim,Malaysia,1.5584681,103.6378169
68055259,2022,Mahmoud Elgendi,United Arab Emirates University,Al Ain,Abu Dhabi,United Arab Emirates,24.200588,55.67603399999999
68055259,2022,Jawaher AL Tamimi,Minia University,,Minya Governorate,Egypt,28.1229178,30.734723
68055259,2022,Aysha Alfalahi,United Arab Emirates University,Al Ain,Abu Dhabi,United Arab Emirates,24.200588,55.67603399999999
68055259,2022,Dana Alkhoori,United Arab Emirates University,Al Ain,Abu Dhabi,United Arab Emirates,24.200588,55.67603399999999
68055259,2022,Mariam Alshanqiti,United Arab Emirates University,Al Ain,Abu Dhabi,United Arab Emirates,24.200588,55.67603399999999
68055259,2022,Ayesha Aladawi,United Arab Emirates University,Al Ain,Abu Dhabi,United Arab Emirates,24.200588,55.67603399999999
36013518,2022,Venkatesh Baskaran,"Government College of Engineering, Tirunelveli",Tirunelveli,Tamil Nadu,India,8.6860755,77.725781
36013518,2022,R. Velkennedy,Tirunelveli Medical College,Tirunelveli,Tamil Nadu,India,8.7117515,77.7508167
35357087,2022,M. Noor Salim,Mercu Buana University,,Daerah Khusus Ibukota Jakarta,Indonesia,-6.2097442,106.7383062
35357087,2022,Edi Wibowo,Jakarta State Polytechnic,,Jawa Barat,Indonesia,-6.3707762,106.8236706
35357087,2022,Darwati Susilastuti,Universitas Borobudur,,Daerah Khusus Ibukota Jakarta,Indonesia,-6.2440641,106.8979749
35357087,2022,Tungga Buana Diana,Universitas Borobudur,,Daerah Khusus Ibukota Jakarta,Indonesia,-6.2440641,106.8979749
56164210,2022,Paul Barratt,University of Staffordshire,,,,,
56164210,2022,Ruth D. Swetnam,University of Staffordshire,,,,,
23923067,2022,Esmat Zaidan,Hamad bin Khalifa University,Ar Rayyan,Al Rayyan Municipality,Qatar,25.3141314,51.4323474
34765398,2022,Indrani Govender,Durban University of Technology,Durban,KwaZulu-Natal,South Africa,-29.8496477,31.01027929999999
34765398,2022,Rajendran Pillay,Mangosuthu University of Technology,Durban,KwaZulu-Natal,South Africa,-29.9698091,30.91327739999999
13518327,2022,Ali Cheshmehzangi,University of Nottingham Ningbo China,Ning Bo Shi,Zhe Jiang Sheng,China,29.803449,121.561609
68202334,2022,Seng Boon Lim,Universiti Teknologi MARA,Shah Alam,Selangor,Malaysia,3.0697652,101.5036823
77233359,2022,Hakan Gökhan Gündoğdu,Anadolu University,,Eskişehir,Türkiye,39.7897233,30.5005775
77233359,2022,Ahmet Aytekın,Artvin Coruh University,,Artvin,Türkiye,41.1850646,41.8334346
7777078,2022,Siti Nurisyah,IPB University,,,,,
7777078,2022,Abdul Jamaludin,IPB University,,,,,
7777078,2022,Ray March Syahadat,National Institute of Science and Technology,Brahmapur,Odisha,India,19.1985305,84.7459037
97280746,2022,Erica Quallen,University of Vermont,Burlington,Vermont,United States,44.4778528,-73.1964637
97280746,2022,Julia Clarke,University of Vermont,Burlington,Vermont,United States,44.4778528,-73.1964637
97280746,2022,Clare Nelson,University of Vermont,Burlington,Vermont,United States,44.4778528,-73.1964637
97280746,2022,Gregory Rowangould,University of Vermont,Burlington,Vermont,United States,44.4778528,-73.1964637
22916198,2022,Robert J. Howlett,KES International,,,,,
22916198,2022,John Littlewood,Cardiff Metropolitan University,Cardiff,Wales,United Kingdom,51.4959559,-3.2120517
82717211,2022,Duygu Çınar Umdu,Yaşar University,,İzmir,Türkiye,38.4547698,27.2022886
82717211,2022,Ebru Alakvuk,Yaşar University,,İzmir,Türkiye,38.4547698,27.2022886
66900077,2022,Malai Zeiti Binti Sheikh Abdul Hamid,Universiti Teknologi Brunei,Bandar Seri Begawan,Daerah Brunei-Muara,Brunei,4.977357599999999,114.8999212
66900077,2022,Rama Rao Karri,Universiti Teknologi Brunei,Bandar Seri Begawan,Daerah Brunei-Muara,Brunei,4.977357599999999,114.8999212
34964865,2022,Virendra Nagarale,Shreemati Nathibai Damodar Thackersey Women's University,,,,,
34964865,2022,Piyush Telang,Shreemati Nathibai Damodar Thackersey Women's University,,,,,
41568628,2022,Aya Elkhouly,New Cairo Academy,,Cairo Governorate,Egypt,29.9940551,31.4344569
42910955,2022,Isabel María Madaleno,Centro de Estudos em Geografia e Ordenamento do Territorio,,,,,
73815405,2022,Ar. Vatsalya Kaushal,Dr. A.P.J. Abdul Kalam Technical University,Lucknow,Uttar Pradesh,India,26.9442409,80.9401147
73815405,2022,Ar. Gaurav Singh,Dr. A.P.J. Abdul Kalam Technical University,Lucknow,Uttar Pradesh,India,26.9442409,80.9401147
21375831,2022,Élgen Soares Mendes,Universidade São Judas Tadeu,,,,,
21375831,2022,Renata Ferraz de Toledo,Universidade São Judas Tadeu,,,,,
47794463,2022,Irvan Fadly,Universitas 17 Agustus 1945 Semarang,,Jawa Tengah,Indonesia,-6.9746476,110.4195756
47794463,2022,Muh Farras Rasyiq,Universitas 17 Agustus 1945 Semarang,,Jawa Tengah,Indonesia,-6.9746476,110.4195756
24655189,2022,Ayad May Asad,University of Baghdad,Baghdad,Baghdad Governorate,Iraq,33.2791152,44.3848327
24655189,2022,Maha Kamel Jawad,University of Baghdad,Baghdad,Baghdad Governorate,Iraq,33.2791152,44.3848327
58016604,2022,Răzvan-Aurelian Munteanu,Bucharest University of Economic Studies,București,București,Romania,44.447468,26.0978785
39884644,2022,Rimshah Shahid,,,,,,
39884644,2022,Bilal Ahmed,,,,,,
9918081,2022,John Marlo Evangelista,University of the Philippines Diliman,Quezon City,Metro Manila,Philippines,14.6538817,121.0685049
9918081,2022,Karyn Maglalang,University of the Philippines Diliman,Quezon City,Metro Manila,Philippines,14.6538817,121.0685049
9918081,2022,Lope Beltran,University of the Philippines Diliman,Quezon City,Metro Manila,Philippines,14.6538817,121.0685049
9918081,2022,Colline Estrada,University of the Philippines Diliman,Quezon City,Metro Manila,Philippines,14.6538817,121.0685049
9918081,2022,Pio Jonel Mijares,University of the Philippines Diliman,Quezon City,Metro Manila,Philippines,14.6538817,121.0685049
9918081,2022,Ken Abryl Eleazar Salanio,University of the Philippines Diliman,Quezon City,Metro Manila,Philippines,14.6538817,121.0685049
9918081,2022,Jhon Aaron Trajano,University of the Philippines Diliman,Quezon City,Metro Manila,Philippines,14.6538817,121.0685049
9918081,2022,John Patrick Zamora,New Era University,Quezon City,Metro Manila,Philippines,14.6638252,121.0580216
9918081,2022,Vladimir Axl Von Carlo Zurbano,University of the Philippines Diliman,Quezon City,Metro Manila,Philippines,14.6538817,121.0685049
9918081,2022,Isabel Austria,University of the Philippines Diliman,Quezon City,Metro Manila,Philippines,14.6538817,121.0685049
9918081,2022,Cedric Angelo M. Festin,University of the Philippines Diliman,Quezon City,Metro Manila,Philippines,14.6538817,121.0685049
9918081,2022,Matthew Podolsky,University of the Philippines Diliman,Quezon City,Metro Manila,Philippines,14.6538817,121.0685049
9918081,2022,Roel Ocampo,"University of California, Berkeley",Berkeley,California,United States,37.8712141,-122.255463
17522506,2022,Listyati Setyo Palupi,Airlangga University,,East Java,Indonesia,-7.269580499999999,112.7825799
78332312,2022,Agus Rochani,Sultan Agung Islamic University,,Jawa Tengah,Indonesia,-6.955617699999999,110.4580934
78332312,2022,Nany Yuliastuti,Diponegoro University,,Jawa Tengah,Indonesia,-7.051962499999999,110.4408916
78332312,2022,Budi Sudarwanto,Diponegoro University,,Jawa Tengah,Indonesia,-7.051962499999999,110.4408916
32172393,2022,Christiana-Uzoaru Okorie,University of Port Harcourt,Choba,Rivers,Nigeria,4.9069911,6.916194399999999
7155162,2022,Sunil Kumar Khare,University of Petroleum and Energy Studies,Misraspatti,Uttarakhand,India,30.415937,77.9668366
53926641,2022,Anniina Saari,Aalto University,Espoo,Uusimaa,Finland,60.185145,24.8322977
75494024,2022,Nur Amalina Aziz,Universiti Teknologi MARA,Shah Alam,Selangor,Malaysia,3.0697652,101.5036823
75494024,2022,Yarina Ahmad,Public and Science,,,,,
75494024,2022,Siti Zulaikha Mustapha,Universiti Teknologi MARA,Shah Alam,Selangor,Malaysia,3.0697652,101.5036823
75494024,2022,S N F Abd Hamid,Universiti Teknologi MARA,Shah Alam,Selangor,Malaysia,3.0697652,101.5036823
93995893,2022,Anna Murawska,,,,,,
19423288,2023,Bokolo Anthony,Institute for Energy Technology,,,,,
42655902,2023,Donizete Beck,University of Haifa,Haifa,Haifa District,Israel,32.7614296,35.0195184
42655902,2023,Marcos Ferasso,Universidade Nove de Julho,,São Paulo,Brazil,-23.5693835,-46.6396538
42655902,2023,José Storópoli,Universidad Autónoma de Chile,Providencia,Región Metropolitana,Chile,-33.4274286,-70.6114813
42655902,2023,Eran Vigoda‐Gadot,Autonomous University of Lisbon,Lisbon,Lisbon,Portugal,38.7222524,-9.1393366
29176217,2023,Wenjun Ma,Shanghai Jiao Tong University,,Shang Hai Shi,China,31.0252201,121.4337784
29176217,2023,Ning Wang,Shanghai Jiao Tong University,,Shang Hai Shi,China,31.0252201,121.4337784
29176217,2023,Yuxi Li,Shanghai Jiao Tong University,,Shang Hai Shi,China,31.0252201,121.4337784
29176217,2023,Daniel Sun,Shanghai Jiao Tong University,,Shang Hai Shi,China,31.0252201,121.4337784
35706343,2023,Gulnara N. Nabiyeva,"University of California, Davis",Davis,California,United States,38.5382322,-121.7617125
35706343,2023,Stephen Wheeler,"University of California, Davis",Davis,California,United States,38.5382322,-121.7617125
35706343,2023,Jonathan London,"University of California, Davis",Davis,California,United States,38.5382322,-121.7617125
35706343,2023,Noli Brazil,"University of California, Davis",Davis,California,United States,38.5382322,-121.7617125
13405207,2023,YunQian Zhang,Fuzhou University,Fu Zhou Shi,Fu Jian Sheng,China,26.0818505,119.2865017
66633602,2023,Soumya Balakrishnan,Loughborough University,Loughborough,England,United Kingdom,52.7650253,-1.2320904
66633602,2023,Suzanne Elayan,Loughborough University,Loughborough,England,United Kingdom,52.7650253,-1.2320904
66633602,2023,Martin Sýkora,Loughborough University,Loughborough,England,United Kingdom,52.7650253,-1.2320904
66633602,2023,Marin Solter,Loughborough University,Loughborough,England,United Kingdom,52.7650253,-1.2320904
66633602,2023,Rob Feick,University of Waterloo,Waterloo,Ontario,Canada,43.4722854,-80.5448576
66633602,2023,Christopher Macdonald Hewitt,Wilfrid Laurier University,Waterloo,Ontario,Canada,43.4738499,-80.5274701
66633602,2023,Yi Qiao Liu,Wilfrid Laurier University,Waterloo,Ontario,Canada,43.4738499,-80.5274701
66633602,2023,Ketan Shankardass,Wilfrid Laurier University,Waterloo,Ontario,Canada,43.4738499,-80.5274701
88960435,2023,Sukanya Basu,University of Göttingen,Göttingen,Niedersachsen,Germany,51.54149460000001,9.9375952
88960435,2023,Harini Nagendra,Azim Premji University,Bengaluru,Karnataka,India,12.8452628,77.77687519999999
88960435,2023,Peter H. Verburg,Vrije Universiteit Amsterdam,Amsterdam,Noord-Holland,Netherlands,52.3337568,4.8657199
88960435,2023,Tobías Plieninger,University of Kassel,Kassel,Hessen,Germany,51.3218131,9.5059404
8384783,2023,Fabiano Sillo,National Research Council,,,,,
8384783,2023,Luisa Neri,Institute for Sustainable Plant Protection,Torino,Piemonte,Italy,45.0172254,7.6384051
8384783,2023,Alice Calvo,National Research Council,,,,,
8384783,2023,Elisa Zampieri,Institute for Sustainable Plant Protection,Torino,Piemonte,Italy,45.0172254,7.6384051
8384783,2023,G. Petruzzelli,National Research Council,,,,,
8384783,2023,Irene Ferraris,Institute for Sustainable Plant Protection,Torino,Piemonte,Italy,45.0172254,7.6384051
8384783,2023,Massimo Delledonne,National Research Council,,,,,
8384783,2023,Alessandro Zaldei,National Research Council,,,,,
8384783,2023,Beniamino Gioli,University of Verona,Verona,Veneto,Italy,45.4365011,11.0032198
8384783,2023,Rita Baraldi,University of Verona,Verona,Veneto,Italy,45.4365011,11.0032198
8384783,2023,Raffaella Balestrini,National Research Council,,,,,
33424005,2023,Sherine Fathy Alagamy,Al Yamamah University,Riyadh,Riyadh Province,Saudi Arabia,24.863473,46.5937941
18728067,2023,Abdulla Al-Towfiq Hasan,Patuakhali Science and Technology University,Dumki,Barisal Division,Bangladesh,22.4647247,90.38274729999999
25388681,2023,Rob Hales,,,,,,
25388681,2023,Naomi Birdthistle,,,,,,
14139928,2023,Gulnara N. Nabiyeva,"University of California, Davis",Davis,California,United States,38.5382322,-121.7617125
14139928,2023,Stephen Wheeler,"University of California, Davis",Davis,California,United States,38.5382322,-121.7617125
14139928,2023,Jonathan London,"University of California, Davis",Davis,California,United States,38.5382322,-121.7617125
14139928,2023,Noli Brazil,"University of California, Davis",Davis,California,United States,38.5382322,-121.7617125
20114656,2023,Jenny Pickerill,Masaryk University,,Jihomoravský kraj,Czechia,49.19862990000001,16.605384
20114656,2023,Tendai Chitewere,Sheffield Hallam University,Sheffield,England,United Kingdom,53.3784445,-1.4663393
20114656,2023,Natasha Cornea,University of Sheffield,Sheffield,England,United Kingdom,53.3813502,-1.4884229
20114656,2023,Joshua Lockyer,Arkansas Tech University,Russellville,Arkansas,United States,35.29378880000001,-93.1361472
20114656,2023,Rachel Macrorie,University of Melbourne,Parkville,Victoria,Australia,-37.7983459,144.960974
20114656,2023,Ján Blažek,Masaryk University,,Jihomoravský kraj,Czechia,49.19862990000001,16.605384
20114656,2023,Anitra Nelson,Sheffield Hallam University,Sheffield,England,United Kingdom,53.3784445,-1.4663393
39114104,2023,Laksni Sedyowati,Universitas Merdeka Malang,,Jawa Timur,Indonesia,-7.9727033,112.6093611
39114104,2023,Sari Yuniarti,Universitas Merdeka Malang,,Jawa Timur,Indonesia,-7.9727033,112.6093611
39114104,2023,Sufiyanto Sufiyanto,Universitas Merdeka Malang,,Jawa Timur,Indonesia,-7.9727033,112.6093611
8211804,2023,Ming‐An Chung,National Taipei University of Technology,,Taipei City,Taiwan,25.0438884,121.534399
8211804,2023,Tze-Hsun Wang,National Taipei University of Technology,,Taipei City,Taiwan,25.0438884,121.534399
8211804,2023,Chia-Wei Lin,National Taipei University of Technology,,Taipei City,Taiwan,25.0438884,121.534399
66522646,2023,Rivaldi Alan Saputra,Muhammadiyah University of Yogyakarta,,Daerah Istimewa Yogyakarta,Indonesia,-7.8108235,110.3218609
54877319,2023,Nikša Alfirević,University of Split,Split,Splitsko-dalmatinska županija,Croatia,43.5110639,16.4681176
54877319,2023,Darko Rendulić,Karlovac University of Applied Sciences,Karlovac,Karlovačka županija,Croatia,45.4941496,15.5551895
54877319,2023,Ivica Zdrilić,University of Zadar,Zadar,Zadarska županija,Croatia,44.11142419999999,15.2260735
23874743,2023,César A. Poveda,Robert Morris University,Carnot-Moon,Pennsylvania,United States,40.5213461,-80.2127179
85059285,2023,Dilip Kumar,Manipal Academy of Higher Education,Manipal,Karnataka,India,13.3533433,74.78489549999999
85059285,2023,Abhinav Kumar Shandilya,"Birla Institute of Technology, Mesra",Mesra,Jharkhand,India,23.412305,85.43990099999999
85059285,2023,Sachin George Varghese,Manipal Academy of Higher Education,Manipal,Karnataka,India,13.3533433,74.78489549999999
21309790,2023,Rina Kurniati,Diponegoro University,,Jawa Tengah,Indonesia,-7.051962499999999,110.4408916
21309790,2023,Bella Shifa,Diponegoro University,,Jawa Tengah,Indonesia,-7.051962499999999,110.4408916
45623651,2023,Omer Ekmen,Hacettepe University,,,,,
45623651,2023,Sultan Kocaman,Hacettepe University,,,,,
22668426,2023,Magdalena Miśkowiec,Jagiellonian University,Kraków,Województwo małopolskie,Poland,50.0620926,19.9333211
28005568,2023,Geneviève Fortin,Université de Montréal,Montreal,Quebec,Canada,45.5018869,-73.56739189999999
28005568,2023,Marie‐Catherine Gagnon‐Dufresne,Université de Montréal,Montreal,Quebec,Canada,45.5018869,-73.56739189999999
28005568,2023,Sarah Cooper,Université de Montréal,Montreal,Quebec,Canada,45.5018869,-73.56739189999999
28005568,2023,Olivier Ferlatte,Université de Montréal,Montreal,Quebec,Canada,45.5018869,-73.56739189999999
28005568,2023,Kate Zinszer,Université de Montréal,Montreal,Quebec,Canada,45.5018869,-73.56739189999999
7677159,2023,Pablo Pulgar Rubilar,Universitat de Miguel Hernández d'Elx,Elche,Comunidad Valenciana,Spain,38.274814,-0.6839758
7677159,2023,Manuel Miguel Jordán Vidal,Universitat de Miguel Hernández d'Elx,Elche,Comunidad Valenciana,Spain,38.274814,-0.6839758
7677159,2023,David Blanco Fernández,Metropolitan University of Technology,Santiago,Región Metropolitana,Chile,-33.4484815,-70.6579661
7677159,2023,Marisol Osorio Ramirez,Universitat Jaume I,Castelló de la Plana,Comunidad Valenciana,Spain,39.9943481,-0.07021469999999999
7677159,2023,Luis Perillán Torres,Metropolitan University of Technology,Santiago,Región Metropolitana,Chile,-33.4484815,-70.6579661
7677159,2023,Marcela Lizana Vial,Universitat Jaume I,Castelló de la Plana,Comunidad Valenciana,Spain,39.9943481,-0.07021469999999999
7677159,2023,Danny Lobos Calquin,Metropolitan University of Technology,Santiago,Región Metropolitana,Chile,-33.4484815,-70.6579661
7677159,2023,Francisco Pardo Fabregat,Universidad Cardenal Herrera CEU,Alfara del Patriarca,Comunidad Valenciana,Spain,39.5472958,-0.3867737000000001
7677159,2023,José Navarro-Pedreño,Universitat de Miguel Hernández d'Elx,Elche,Comunidad Valenciana,Spain,38.274814,-0.6839758
72321350,2023,César A. Poveda,Robert Morris University,Carnot-Moon,Pennsylvania,United States,40.5213461,-80.2127179
28764398,2023,Diana Dushkova,Helmholtz Centre for Environmental Research,Leipzig,Sachsen,Germany,51.3517518,12.4309111
28764398,2023,Dagmar Haase,Humboldt-Universität zu Berlin,Berlin,Berlin,Germany,52.517883,13.3936551
19893836,2023,Ádám Bereczk,University of Miskolc,Miskolc,,Hungary,48.0814275,20.764139
19893836,2023,Bettina Hódiné Hernádi,University of Miskolc,Miskolc,,Hungary,48.0814275,20.764139
19893836,2023,Péter Sasvári,Ludovika University of Public Service,Budapest,,Hungary,47.481786,19.085374
82835617,2023,Afirah Azudin,Sultan Zainal Abidin University,Kuala Terengganu,Terengganu,Malaysia,5.3989594,103.0772331
82835617,2023,Wan Anisah Endut,Sultan Zainal Abidin University,Kuala Terengganu,Terengganu,Malaysia,5.3989594,103.0772331
82835617,2023,Nor Raihana Asmar Mohd Noor,Universiti Teknologi MARA,Shah Alam,Selangor,Malaysia,3.0697652,101.5036823
82835617,2023,Mariana Jusop,Sultan Zainal Abidin University,Kuala Terengganu,Terengganu,Malaysia,5.3989594,103.0772331
82835617,2023,Yasmiza Long,Sultan Zainal Abidin University,Kuala Terengganu,Terengganu,Malaysia,5.3989594,103.0772331
46093885,2023,Zhiming Zhang,Stevens Institute of Technology,Hoboken,New Jersey,United States,40.744403,-74.0251573
46093885,2023,Dibyendu Sarkar,Stevens Institute of Technology,Hoboken,New Jersey,United States,40.744403,-74.0251573
46093885,2023,F Levy,Stevens Institute of Technology,Hoboken,New Jersey,United States,40.744403,-74.0251573
46093885,2023,Rupali Datta,Michigan Technological University,Houghton,Michigan,United States,47.1167589,-88.54601149999999
9500659,2023,Mauro Romanelli,Parthenope University of Naples,Napoli,Campania,Italy,40.8373803,14.2535019
61108772,2023,Natalia Bondarenko,Financial University,,,,,
61108772,2023,Darya V. Agaltsova,North-Caucasus Federal University,,,,,
61108772,2023,Sergey A. Makushkin,Russian State Social University,Moskva,Moskva,Russia,55.8259871,37.7283117
61108772,2023,Tatiana Ponyaeva,Moscow Aviation Institute,Moscow,Moscow,Russia,55.8109067,37.500065
61108772,2023,Aygul Abizgildina,Boston Architectural College,Boston,Massachusetts,United States,42.3479568,-71.0859315
61108772,2023,Elvir Akhmetshin,Boston University,Boston,Massachusetts,United States,42.3504997,-71.1053991
76350061,2023,Terje Holsen,Norwegian University of Life Sciences,Ås,Akershus,Norway,59.6684913,10.7619658
76350061,2023,Knut Boge,Norwegian University of Life Sciences,Ås,Akershus,Norway,59.6684913,10.7619658
73479422,2023,Summer Hamad,British University in Egypt,,Cairo Governorate,Egypt,30.11777529999999,31.605976
73479422,2023,Heba Safie El Din,Misr International University,,القاهرة,Egypt,30.1684655,31.4919659
90366105,2023,Tanveer Ahmad,,,,,,
4469102,2023,Jiří Preis,University of West Bohemia,,Plzeňský kraj,Czechia,49.7236724,13.3516023
4469102,2023,Jan Kopp,University of West Bohemia,,Plzeňský kraj,Czechia,49.7236724,13.3516023
4469102,2023,Dita Hommerová,University of West Bohemia,,Plzeňský kraj,Czechia,49.7236724,13.3516023
4469102,2023,Alexander Herzner,Ostbayerische Technische Hochschule Amberg-Weiden,Amberg,Bayern,Germany,49.4440523,11.8475955
4469102,2023,Christiane Hellbach,Ostbayerische Technische Hochschule Amberg-Weiden,Amberg,Bayern,Germany,49.4440523,11.8475955
73425122,2023,Olena Panukhnyk,Ternopil Ivan Pului National Technical University,Ternopil,Ternopil Oblast,Ukraine,49.55104439999999,25.5952184
12310144,2023,Nasrin Rastinifard,Aston University,Birmingham,England,United Kingdom,52.4867138,-1.8882478
12310144,2023,Narges Fakhri Mastanabad,Allameh Tabataba'i University,Tehran,Tehran Province,Iran,35.7595726,51.2602973
12310144,2023,Mahmoud Jomehpour,Allameh Tabataba'i University,Tehran,Tehran Province,Iran,35.7595726,51.2602973
10215272,2023,Balázs Németh,University of Pecs,Pécs,,Hungary,46.0742527,18.2377816
90756566,2023,Keith Pezzoli,"University of California, San Diego",San Diego,California,United States,32.881168,-117.2343605
3645017,2023,Diana Dushkova,Helmholtz Centre for Environmental Research,Leipzig,Sachsen,Germany,51.3517518,12.4309111
3645017,2023,Dagmar Haase,Humboldt-Universität zu Berlin,Berlin,Berlin,Germany,52.517883,13.3936551
41716452,2023,Kes McCormick,,,,,,
41716452,2023,James Evans,,,,,,
41716452,2023,Yuliya Voytenko Palgan,,,,,,
41716452,2023,Niki Frantzeskaki,,,,,,
11859013,2023,Nor Suzylah Sohaimi,Northern University of Malaysia,Bukit Kayu Hitam,Kedah,Malaysia,6.4484879,100.5096785
11859013,2023,Rosfaraliza Azura Ramli,Northern University of Malaysia,Bukit Kayu Hitam,Kedah,Malaysia,6.4484879,100.5096785
95097594,2023,Pierpaolo Pontrandolfo,Polytechnic University of Bari,Bari,Puglia,Italy,41.1089715,16.8789965
95097594,2023,Oksana Polinkevych,Lutsk National Technical University,Luts'k,Volyns'ka oblast,Ukraine,50.72543959999999,25.296832
95097594,2023,Barbara Scozzi,Polytechnic University of Bari,Bari,Puglia,Italy,41.1089715,16.8789965
95097594,2023,Оlena Kuzmak,Lutsk National Technical University,Luts'k,Volyns'ka oblast,Ukraine,50.72543959999999,25.296832
26786703,2023,Sérgio Luís Dias Doliveira,Universidade Estadual do Centro-Oeste,,Paraná,Brazil,-25.4061631,-51.46977
26786703,2023,Siéglinde Kindl da Cunha,Universidade Federal do Paraná,,State of Paraná,Brazil,-25.2520888,-52.0215415
26786703,2023,Flávia Massuga,Instituto de Pesquisas Jardim Botânico do Rio de Janeiro,,Rio de Janeiro,Brazil,-22.9705196,-43.2234205
63656825,2023,Wido Prananing Tyas,Diponegoro University,,Jawa Tengah,Indonesia,-7.051962499999999,110.4408916
63656825,2023,Maya Damayanti,Diponegoro University,,Jawa Tengah,Indonesia,-7.051962499999999,110.4408916
63656825,2023,Heni Rizqiati,Diponegoro University,,Jawa Tengah,Indonesia,-7.051962499999999,110.4408916
63656825,2023,Hadi Wahyono,Diponegoro University,,Jawa Tengah,Indonesia,-7.051962499999999,110.4408916
63656825,2023,Renesia N. R. A. Lisanti,Diponegoro University,,Jawa Tengah,Indonesia,-7.051962499999999,110.4408916
63656825,2023,Claudya G. A. Fajri,Diponegoro University,,Jawa Tengah,Indonesia,-7.051962499999999,110.4408916
63656825,2023,Anisa N. Atika,Diponegoro University,,Jawa Tengah,Indonesia,-7.051962499999999,110.4408916
63656825,2023,Ely Sumarni,Diponegoro University,,Jawa Tengah,Indonesia,-7.051962499999999,110.4408916
20002648,2023,Andrew Hyacinth Ngene,Ibrahim Badamasi Babangida University,Lapai,Niger,Nigeria,9.0673817,6.5697816
28281850,2023,Alejandro Monjaraz Sandoval,,,,,,
28281850,2023,Ana Luisa Ramírez Soto,,,,,,
89052511,2023,Wardani Rizkianti,Universitas Pembangunan Nasional Veteran Jakarta,,Daerah Khusus Ibukota Jakarta,Indonesia,-6.315644100000001,106.7934612
89052511,2023,Sindy Yulia Putri,Universitas Pembangunan Nasional Veteran Jakarta,,Daerah Khusus Ibukota Jakarta,Indonesia,-6.315644100000001,106.7934612
89052511,2023,Nurmasari Situmeang,Universitas Pembangunan Nasional Veteran Jakarta,,Daerah Khusus Ibukota Jakarta,Indonesia,-6.315644100000001,106.7934612
89052511,2023,Bastian Chandra,Universitas Pembangunan Nasional Veteran Jakarta,,Daerah Khusus Ibukota Jakarta,Indonesia,-6.315644100000001,106.7934612
89052511,2023,Fariezka Safa Salsabila,Universitas Pembangunan Nasional Veteran Jakarta,,Daerah Khusus Ibukota Jakarta,Indonesia,-6.315644100000001,106.7934612
89052511,2023,Nurul Alya Maulidah,Universitas Pembangunan Nasional Veteran Jakarta,,Daerah Khusus Ibukota Jakarta,Indonesia,-6.315644100000001,106.7934612
96538952,2023,Andrew Hyacinth Ngene,Ibrahim Badamasi Babangida University,Lapai,Niger,Nigeria,9.0673817,6.5697816
74788854,2024,Sharfaa Hussain,University of Delhi,New Delhi,Delhi,India,28.5842824,77.1638519
74788854,2024,Ejaz Hussain,Aligarh Muslim University,Aligarh,Uttar Pradesh,India,27.9135016,78.0781901
74788854,2024,Pallavi Saxena,University of Delhi,New Delhi,Delhi,India,28.5842824,77.1638519
74788854,2024,Ashish Sharma,Presidency University,Kolkata,West Bengal,India,22.5763528,88.3630913
74788854,2024,Pooja Thathola,University of Delhi,New Delhi,Delhi,India,28.5842824,77.1638519
74788854,2024,Saurabh Sonwani,University of Delhi,New Delhi,Delhi,India,28.5842824,77.1638519
19264526,2024,Idiano D’Adamo,Sapienza University of Rome,Roma,Lazio,Italy,41.9037626,12.5144384
19264526,2024,Massimo Gastaldi,University of L'Aquila,L'Aquila,Abruzzo,Italy,42.3514296,13.397299
19264526,2024,S.C. Lenny Koh,University of Sheffield,Sheffield,England,United Kingdom,53.3813502,-1.4884229
19264526,2024,Alessandro Vigiano,Sapienza University of Rome,Roma,Lazio,Italy,41.9037626,12.5144384
79815801,2024,Walter Leal Filho,HAW Hamburg,Hamburg,Hamburg,Germany,53.55620949999999,10.0225391
79815801,2024,Marcellus Forh Mbah,Universität Hamburg,Hamburg,Hamburg,Germany,53.5630754,9.9884042
79815801,2024,Maria Alzira Pimenta Dinis,Manchester Metropolitan University,Manchester,England,United Kingdom,53.4703704,-2.2391476
79815801,2024,Laís Viera Trevisan,University of Manchester,Manchester,England,United Kingdom,53.4656853,-2.232706
79815801,2024,Deborah de Lange,Fernando Pessoa University,Porto,Porto,Portugal,41.1728847,-8.6111563
79815801,2024,Ashish Mishra,University of Coimbra,Coimbra,Coimbra District,Portugal,40.2076394,-8.4260932
79815801,2024,Bianca Gasparetto Rebelatto,Universidade Federal do Rio Grande do Sul,,State of Rio Grande do Sul,Brazil,-30.0339726,-51.2190483
79815801,2024,Tarek Ben Hassen,Toronto Metropolitan University,Toronto,Ontario,Canada,43.6577145,-79.3792359
79815801,2024,Yusuf A. Aina,Indian Institute of Technology Roorkee,Roorkee,Uttarakhand,India,29.8660376,77.8905116
68963755,2024,Morẹ́nikẹ́ Oluwátóyìn Foláyan,Obafemi Awolowo University,Ife,Osun,Nigeria,7.5174314,4.5227636
68963755,2024,Elisa Maria Rosa de Barros Coelho,Pontifícia Universidade Católica do Rio Grande do Sul,,Rio Grande do Sul,Brazil,-30.0592974,-51.1729965
68963755,2024,Carlos Alberto Feldens,Universidade Luterana do Brasil,,Rio Grande do Sul,Brazil,-29.8872874,-51.1628802
68963755,2024,Balgis Gaffar,Universidade Luterana do Brasil,,Rio Grande do Sul,Brazil,-29.8872874,-51.1628802
68963755,2024,Jorma I. Virtanen,Imam Abdulrahman Bin Faisal University,Dammam,Eastern Province,Saudi Arabia,26.3928001,50.1925873
68963755,2024,Arthur Kemoli,University of Bergen,Bergen,Vestland,Norway,60.3878586,5.3217549
68963755,2024,Duangporn Duangthip,University of Nairobi,,,,,
68963755,2024,Ivy Guofang Sun,The Ohio State University,Columbus,Ohio,United States,40.0060889,-83.0282624
68963755,2024,Ray Masumo,University of Hong Kong,,Hong Kong Island,Hong Kong,22.2830891,114.1365621
68963755,2024,Ana Vuković,Chinese University of Hong Kong,,New Territories,Hong Kong,22.419625,114.2067606
68963755,2024,Ola B. Al‐Batayneh,Tanzania Food and Nutrition Center,Dar es Salaam,Dar es Salam,Tanzania,-6.808845,39.2959801
68963755,2024,Tshepiso Mfolo,University of Belgrade,Beograd,,Serbia,44.8184518,20.4575913
68963755,2024,Robert J. Schroth,Jordan University of Science and Technology,الرمثا,محافظة إربد,Jordan,32.4950392,35.9912257
68963755,2024,Maha El Tantawi,University of Sharjah,Sharjah,Sharjah,United Arab Emirates,25.2867653,55.47830450000001
46746998,2024,Amr Adel,Eastern Institute of Technology,Napier,Hawke's Bay,New Zealand,-39.5469143,176.8385542
46746998,2024,Noor HS Alani,Torrens University Australia,Adelaide,South Australia,Australia,-34.9282331,138.6039198
40667447,2024,Hina Marvi,University of Sindh,Juma Khan Kalhoro,Sindh,Pakistan,25.8943018,68.52471489999999
40667447,2024,Saima Kalwar,Mehran University of Engineering and Technology,Jamshoro,Sindh,Pakistan,25.4083397,68.2605789
40667447,2024,Mir Aftab Hussain Talpur,Mehran University of Engineering and Technology,Jamshoro,Sindh,Pakistan,25.4083397,68.2605789
40667447,2024,Irfan Ahmed Memon,Mehran University of Engineering and Technology,Jamshoro,Sindh,Pakistan,25.4083397,68.2605789
40667447,2024,Mehnaz Soomro,Indus Valley School of Art and Architecture,Karachi,Sindh,Pakistan,24.8115432,67.0156885
40667447,2024,Noman Ahsan,Higher Education Commission,,,,,
75105640,2024,Nisaul Fadillah,Jambi University,,Jambi,Indonesia,-1.612342,103.5181549
75105640,2024,Mohammad Reza,Jambi University,,Jambi,Indonesia,-1.612342,103.5181549
75105640,2024,Unggul Suryo Ardi,Jambi University,,Jambi,Indonesia,-1.612342,103.5181549
47259156,2024,Michael Atafo Adabre,Hong Kong Polytechnic University,,Kowloon,Hong Kong,22.3045633,114.1795767
47259156,2024,Albert P.C. Chan,Hong Kong Polytechnic University,,Kowloon,Hong Kong,22.3045633,114.1795767
47259156,2024,Ibrahim Yahaya Wuni,King Fahd University of Petroleum and Minerals,Dhahran,Eastern Province,Saudi Arabia,26.3070624,50.1458938
11173341,2024,Jovan Sofyan,University of Palangka Raya,,Kalimantan Tengah,Indonesia,-2.2158647,113.9012145
11173341,2024,I Nyoman Sudyana,University of Palangka Raya,,Kalimantan Tengah,Indonesia,-2.2158647,113.9012145
11173341,2024,Berkat Berkat,University of Palangka Raya,,Kalimantan Tengah,Indonesia,-2.2158647,113.9012145
11173341,2024,Mahdi Santoso,University of Palangka Raya,,Kalimantan Tengah,Indonesia,-2.2158647,113.9012145
11173341,2024,Yulin Patrisia,RMIT University,Melbourne,Victoria,Australia,-37.8083331,144.9639386
16010712,2024,Emeline Renthlei,Indian Institute of Technology Kharagpur,Kharagpur,West Bengal,India,22.3149274,87.31053109999999
16010712,2024,Abraham George,Mizoram University,Aizawl,Mizoram,India,23.7349703,92.66542720000001
16010712,2024,James L. T. Thanga,Indian Institute of Technology Kharagpur,Kharagpur,West Bengal,India,22.3149274,87.31053109999999
57985540,2024,Shengnan Wang,,,,,,
57985540,2024,Xuemei Bai,,,,,,
57985540,2024,Jeroen van der Heijden,,,,,,
57985540,2024,Xin Tong,,,,,,
52748187,2024,Fevzi Uzun,Yeditepe University,,İstanbul,Türkiye,40.9719767,29.1522123
52748187,2024,Mustafa Yiğit Ergül,Yeditepe University,,İstanbul,Türkiye,40.9719767,29.1522123
72591277,2024,Wahab Tuanaya,University of Pattimura,,Maluku,Indonesia,-3.6546187,128.1956754
14425257,2024,Andrzej Klimczuk,University of Silesia in Katowice,Katowice,Województwo śląskie,Poland,50.2607465,19.0280937
14425257,2024,Delali A. Dovie,Central University of Punjab,Ghudda,Punjab,India,30.1359113,74.789514
14425257,2024,Agnieszka Cieśla,SGH Warsaw School of Economics,Warszawa,Województwo mazowieckie,Poland,52.2089374,21.008737
14425257,2024,Rubal Kanozia,Maria Grzegorzewska Academy of Special Education,Warszawa,Województwo mazowieckie,Poland,52.217093,20.9707995
14425257,2024,Grzegorz Gawron,Institute of Philosophy and Sociology,,,,,
14425257,2024,Piotr Toczyski,University of Ghana,Accra,Greater Accra Region,Ghana,5.650562,-0.1962244
53182279,2024,Ilonette Abdeh Tabar,University of Technology Sydney,Ultimo,New South Wales,Australia,-33.8836537,151.2006119
53182279,2024,Elizelle Juane�Cilliers,Yaşar University,,İzmir,Türkiye,38.4547698,27.2022886
77470723,2024,Velimir Rakočević,,,,,,
77470723,2024,Aleksandra Rakočević,,,,,,
41660347,2024,Massimo Biasin,University of Macerata,Macerata,Marche,Italy,43.2991534,13.4498553
41660347,2024,Andrea Delle Foglie,University of Macerata,Macerata,Marche,Italy,43.2991534,13.4498553
261929,2024,Ngoc Hoang Giang Ngo,,,,,,
261929,2024,Nguyen Xuan Quang Chau,,,,,,
261929,2024,H. Tran,,,,,,
5710704,2024,Desivera Tri Rahayu,University of Palangka Raya,,Kalimantan Tengah,Indonesia,-2.2158647,113.9012145
5710704,2024,I Nyoman Sudyana,University of Palangka Raya,,Kalimantan Tengah,Indonesia,-2.2158647,113.9012145
5710704,2024,Berkat Berkat,University of Palangka Raya,,Kalimantan Tengah,Indonesia,-2.2158647,113.9012145
5710704,2024,Noor Hamidah,University of Palangka Raya,,Kalimantan Tengah,Indonesia,-2.2158647,113.9012145
5710704,2024,Yulin Patrisia,RMIT University,Melbourne,Victoria,Australia,-37.8083331,144.9639386
14438653,2024,S. Hosseini,University of Isfahan,Isfahan,Isfahan Province,Iran,32.6538966,51.66596560000001
14438653,2024,Y. Gholami,University of Kashan,راوند,Isfahan Province,Iran,34.0135875,51.3660781
14438653,2024,H. Dolvand,"Islamic Azad University, Ahvaz Branch",Ahvaz,Khuzestan Province,Iran,31.3010487,48.62166080000001
14438653,2024,Z. V. Ataev,Russian Academy of Sciences,Moskva,Moskva,Russia,55.7107897,37.5778246
98138564,2024,代宇 高,,,,,,
30347832,2024,Tomohisa HOSODA,Shimane Prefectural Institute of Public Health and Environmental Sciences,Oda,Shimane,Japan,35.1244094,132.6293446
30347832,2024,Mahito NAKAZONO,Yamaguchi University,Yamaguchi,Yamaguchi,Japan,34.1484717,131.469942
30347832,2024,Sachiko MISHIMA,Shimane Prefectural Institute of Public Health and Environmental Sciences,Oda,Shimane,Japan,35.1244094,132.6293446
30347832,2024,Akira USHIJIMA,Yamaguchi University,Yamaguchi,Yamaguchi,Japan,34.1484717,131.469942
10848746,2024,Guang Yang,,,,,,
10848746,2024,Mingle Li,,,,,,
10848746,2024,Chaofeng Shao,,,,,,
16711637,2024,Nicholas Chileshe,University of South Australia,,South Australia,Australia,-30.0002315,136.2091547
16711637,2024,Larissa Statsenko,University of South Australia,,South Australia,Australia,-30.0002315,136.2091547
16711637,2024,Ruchini Senarath Jayasinghe,University of South Australia,,South Australia,Australia,-30.0002315,136.2091547
16711637,2024,Ethan Nikookar,University of Wollongong,Wollongong,New South Wales,Australia,-34.4248336,150.8931132
12722435,2024,Dorota Górecka,,,,,,
12722435,2024,Ewa Roszkowska,,,,,,
33706904,2024,Clarice Bleil de Souza,Cardiff University,Cardiff,Wales,United Kingdom,51.4887336,-3.1807339
33706904,2024,L.B. McElroy,University of Strathclyde,,,,,
33706904,2024,Camilla Pezzica,Cardiff University,Cardiff,Wales,United Kingdom,51.4887336,-3.1807339
14182352,2024,Angela Ruggiero,Université Gustave Eiffel,Champs-sur-Marne,Île-de-France,France,48.8396645,2.5866526
14182352,2024,Bruno Barroca,Université Gustave Eiffel,Champs-sur-Marne,Île-de-France,France,48.8396645,2.5866526
14182352,2024,Margot Pellegrino,Université Gustave Eiffel,Champs-sur-Marne,Île-de-France,France,48.8396645,2.5866526
14182352,2024,Vincent Becue,University of Mons,Mons,Région Wallonne,Belgium,50.4516865,3.9589928
77557945,2024,Fiona Armstrong-Gibbs,Liverpool John Moores University,Liverpool,England,United Kingdom,53.4065486,-2.9751835
77557945,2024,Lisa I. Knight,Liverpool John Moores University,Liverpool,England,United Kingdom,53.4065486,-2.9751835
22151715,2024,Nguyen Duc Toan,,,,,,
50410328,2024,Ney Martínez-Chiquito,Universidad Laica Eloy Alfaro de Manabí,Manta,Manabí,Ecuador,-0.9533683,-80.74569249999999
50410328,2024,Erick Pillasagua-López,Universidad Laica Eloy Alfaro de Manabí,Manta,Manabí,Ecuador,-0.9533683,-80.74569249999999
50410328,2024,Gabriel Salvatierra-Tumbaco,Universidad Laica Eloy Alfaro de Manabí,Manta,Manabí,Ecuador,-0.9533683,-80.74569249999999
50410328,2024,Tatiana Cedeño-Delgado,Universidad Laica Eloy Alfaro de Manabí,Manta,Manabí,Ecuador,-0.9533683,-80.74569249999999
50099223,2024,Huadong Guo,,,,,,
72043470,2024,Huadong Guo,,,,,,
85981510,2024,Roshanak Mehdipanah,,,,,,
85981510,2024,Jamison Koeman,,,,,,
38255161,2024,Murat Nazlı,European Molecular Biology Organization,,,,,
38255161,2024,Mehmet Ali Çalışkan,İzmir University of Economics,,İzmir,Türkiye,38.3877986,27.0446077
5433107,2024,Fatma Zaman Meem,,,,,,
5433107,2024,Wahid bin Ahsan,,,,,,
6653214,2024,Thanaa al-Rawashdeh,,,,,,
6653214,2024,Eujin Pei,,,,,,
6653214,2024,Uchechukwu Onwukwe,,,,,,
6653214,2024,Lorna Anguilano,,,,,,
76706089,2024,Leoncio P. Olobia,Leyte Normal University,Tacloban City,Eastern Visayas,Philippines,11.2381879,125.001328
49485,2024,Simon Ofori Ametepey,,,,,,
49485,2024,Clinton Aigbavboa,,,,,,
49485,2024,Wellington Didibhuku Thwala,,,,,,
49485,2024,Prince Boateng,,,,,,
49485,2024,Rexford Aboagye,,,,,,
84230426,2024,Chang-Wei Chang,,,,,,
84230426,2024,Yi-Chun Shih,,,,,,
84230426,2024,Yi-Fu Hsu,,,,,,
46835485,2024,Frede Moreno,,,,,,
46835485,2024,Abigail Irene Bucoy,,,,,,
70814673,2024,Jay Kiruthika,KPR Institute of Engineering and Technology,Arasur,Tamil Nadu,India,11.0764689,77.1420187
70814673,2024,T. Yawanikha,Karpagam Academy of Higher Education,Eachanari,Tamil Nadu,India,10.9178511,76.9873519
70814673,2024,M. Jeevan,KPR Institute of Engineering and Technology,Arasur,Tamil Nadu,India,11.0764689,77.1420187
70814673,2024,M. Hariprasath,KPR Institute of Engineering and Technology,Arasur,Tamil Nadu,India,11.0764689,77.1420187
70814673,2024,P. Aisvarya,KPR Institute of Engineering and Technology,Arasur,Tamil Nadu,India,11.0764689,77.1420187
49235355,2024,Kwok-yu Edward Lee,,,,,,
49235355,2024,Wai-wan Vivien Chan,,,,,,
34992538,2024,Antonella Tundo,"National Agency for New Technologies, Energy and Sustainable Economic Development",,,,,
34992538,2024,Pasquale Capezzuto,"National Agency for New Technologies, Energy and Sustainable Economic Development",,,,,
34992538,2024,Laura Blaso,Polytechnic University of Turin,Torino,Piemonte,Italy,45.0632841,7.660124700000001
46855753,2024,Sunil Kumar Khare,,,,,,
36373034,2024,Anugrah Pangeran,University of Indonesia,,Jawa Barat,Indonesia,-6.3606229,106.8272343
36373034,2024,Muhammad Shalahuddin,University of Indonesia,,Jawa Barat,Indonesia,-6.3606229,106.8272343
36373034,2024,Raditya Prabaswara,University of Indonesia,,Jawa Barat,Indonesia,-6.3606229,106.8272343
36373034,2024,Ardhy Lazuardy,University of Indonesia,,Jawa Barat,Indonesia,-6.3606229,106.8272343
36373034,2024,Rahmat Nurcahyo,University of Indonesia,,Jawa Barat,Indonesia,-6.3606229,106.8272343
36373034,2024,Muhammad Habib ur Rahman,University of Indonesia,,Jawa Barat,Indonesia,-6.3606229,106.8272343
26237254,2024,Khadeejath Eaman Abdul Latheef,,,,,,
26237254,2024,Sharuath Mohamed Waheed,,,,,,
26237254,2024,Sarah A. Elgezary,,,,,,
93034654,2024,Amber Grant,Toronto Metropolitan University,Toronto,Ontario,Canada,43.6577145,-79.3792359
93034654,2024,Sara Edge,Toronto Metropolitan University,Toronto,Ontario,Canada,43.6577145,-79.3792359
93034654,2024,Andrew A. Millward,Toronto Metropolitan University,Toronto,Ontario,Canada,43.6577145,-79.3792359
93034654,2024,Lara A. Roman,Northern Research Station,,,,,
93034654,2024,Cheryl Teelucksingh,Pacific Southwest Research Station,Placerville,California,United States,38.7298153,-120.7985451
14911354,2024,Modesto Pérez‐Sánchez,,,,,,
14911354,2024,Francisco-Javier Sánchez-Romero,,,,,,
14911354,2024,Francisco A. Zapata,,,,,,
14911354,2024,Helena M. Ramos,,,,,,
5482027,2024,Suwarlan Stivani Ayuning,,,,,,
5482027,2024,Lai Lee Yoke,,,,,,
5482027,2024,Said Ismail,,,,,,
26814078,2024,Bhupinder Singh,Sharda University,,,,,
26814078,2024,Christian Kaunert,Dublin City University,Dublin 9,County Dublin,Ireland,53.38533169999999,-6.2588403
48481729,2024,Júlia Borges,,,,,,
48481729,2024,Edmundo Gallo,,,,,,
48481729,2024,Simonne Teixeira,,,,,,
83852280,2024,Yueyang Zhao,Jining University,Ji Ning Shi,Shan Dong Sheng,China,35.593342,116.992538
83852280,2024,Wenxuan Shang,Wuhan University,Wuhan,Hubei,China,30.5360485,114.3643219
83852280,2024,Xiaochuan Qin,Jining Normal University,Wu Lan Cha Bu Shi,Nei Meng Gu Zi Zhi Qu,China,41.019154,113.134623
83852280,2024,Kaicheng Li,Macau University of Science and Technology,,,Macao,22.152579,113.5676887
51545868,2024,Alimurtaza Kothawala,The University of Texas at Austin,Austin,Texas,United States,30.2850284,-97.7335226
51545868,2024,Giovanni Circella,Ghent University,Gent,Vlaams Gewest,Belgium,51.0466584,3.7273733
51545868,2024,Farzad Alemi,"University of California, Davis",Davis,California,United States,38.5382322,-121.7617125
51545868,2024,Maya Abou-Zeid,Alphabet (United States),Abbeyville,Colorado,United States,38.7945952,-106.5348379
51545868,2024,Tim Rogmans,California Department of Transportation,Sanger,California,United States,36.778261,-119.4179324
51545868,2024,K. El-Jisr,"University of California, Davis",Davis,California,United States,38.5382322,-121.7617125
40526310,2024,Sriwinarsih Maria Kirana Sajid,Maranatha Christian University,,Jawa Barat,Indonesia,-6.8858221,107.5810506
40526310,2024,Kreangkrai Kirdsiri,Silpakorn University,,Krung Thep Maha Nakhon,Thailand,13.752489,100.4899885
51020762,2024,Tomi Ramadona,,,,,,
51020762,2024,Lathifa Marsya Nathania Ferani,,,,,,
51020762,2024,Novindra Novindra,,,,,,
51020762,2024,Kastana Sapanli,,,,,,
51020762,2024,Novi Rosanti,,,,,,
51020762,2024,Darwis Darwis,,,,,,
73187377,2024,Ha Hoang,,,,,,
73187377,2024,Long Pham,,,,,,
55490140,2024,Tanzil,Haluoleo University,,Sulawesi Tenggara,Indonesia,-4.0084962,122.5207543
