PMID,Year,Author,Institution,City,Region,State,Latitude,Longitude
68936974,2018,M. Shirin,University of Warwick,Coventry,England,United Kingdom,52.3792525,-1.5614704
68936974,2018,Benjamin Brown,University of Edinburgh,Edinburgh,Scotland,United Kingdom,55.9445158,-3.1892413
68936974,2018,Kanchana N. Ruwanpura,University of Edinburgh,Edinburgh,Scotland,United Kingdom,55.9445158,-3.1892413
60923810,2018,Doreen S. Boyd,University of Nottingham,Nottingham,England,United Kingdom,52.9387922,-1.1981057
60923810,2018,Bethany Jackson,University of Nottingham,Nottingham,England,United Kingdom,52.9387922,-1.1981057
60923810,2018,Joanna M. Wardlaw,University of Nottingham,Nottingham,England,United Kingdom,52.9387922,-1.1981057
60923810,2018,Giles M. Foody,University of Nottingham,Nottingham,England,United Kingdom,52.9387922,-1.1981057
60923810,2018,Stuart Marsh,University of Nottingham,Nottingham,England,United Kingdom,52.9387922,-1.1981057
60923810,2018,Kevin Bales,University of Nottingham,Nottingham,England,United Kingdom,52.9387922,-1.1981057
85845053,2018,Ling Jiang,Hunan Agricultural University,Chang Sha Shi,Hu Nan Sheng,China,28.180967,113.084828
85845053,2018,Donghao Li,Education Department of Hunan Province,Chang Sha Shi,Hu Nan Sheng,China,28.2064492,113.0200803
85845053,2018,Lu Jin,Hunan Agricultural University,Chang Sha Shi,Hu Nan Sheng,China,28.180967,113.084828
85845053,2018,Ying Ruan,Education Department of Hunan Province,Chang Sha Shi,Hu Nan Sheng,China,28.2064492,113.0200803
85845053,2018,Wen‐Hui Shen,Education Department of Hunan Province,Chang Sha Shi,Hu Nan Sheng,China,28.2064492,113.0200803
85845053,2018,Chunlin Liu,Hunan Agricultural University,Chang Sha Shi,Hu Nan Sheng,China,28.180967,113.084828
5327017,2019,Dietmar Stoian,,,,,,
5327017,2019,I. Monterroso,,,,,,
5327017,2019,Dean Current,,,,,,
60725528,2019,Ana Cristina Ribeiro-Duthie,University of Tasmania,Hobart,Tasmania,Australia,-42.9041118,147.3247503
95943960,2019,Christoph Scherrer,University of Kassel,Kassel,Hessen,Germany,51.3218131,9.5059404
64171175,2020,Alex Ansong,Ghana Institute of Management and Public Administration,Accra,Greater Accra Region,Ghana,5.6360544,-0.2006373
40182362,2021,Halliki Kreinin,Vienna University of Economics and Business,Wien,Wien,Austria,48.21342749999999,16.4084666
40182362,2021,Ernest Aigner,Vienna University of Economics and Business,Wien,Wien,Austria,48.21342749999999,16.4084666
32610661,2021,Rosley Anholon,Universidade Estadual de Campinas (UNICAMP),,São Paulo,Brazil,-22.8184393,-47.0647206
32610661,2021,Izabela Simon Rampasso,Universidade Federal Fluminense,,,,,
32610661,2021,Vitor William Batista Martins,Universidade Estadual de Campinas (UNICAMP),,São Paulo,Brazil,-22.8184393,-47.0647206
32610661,2021,Milena Pavan Serafim,Universidade Estadual de Campinas (UNICAMP),,São Paulo,Brazil,-22.8184393,-47.0647206
32610661,2021,Walter Leal Filho,Universidade do Estado do Pará,,Pará,Brazil,-1.431704,-48.4879798
32610661,2021,Osvaldo Luíz Gonçalves Quelhas,Universidade Estadual de Campinas (UNICAMP),,São Paulo,Brazil,-22.8184393,-47.0647206
4754928,2021,Інна Макаренко,Sumy State University,Sumy,Sums'ka oblast,Ukraine,50.89226439999999,34.84181030000001
4754928,2021,Alex Plastun,Sumy State University,Sumy,Sums'ka oblast,Ukraine,50.89226439999999,34.84181030000001
4754928,2021,Yuriy Petrushenko,Sumy State University,Sumy,Sums'ka oblast,Ukraine,50.89226439999999,34.84181030000001
4754928,2021,Анна Воронцова,Sumy State University,Sumy,Sums'ka oblast,Ukraine,50.89226439999999,34.84181030000001
95905171,2021,Fehmina Khalique,Sharda University,,,,,
95905171,2021,Poornima Madan,Sharda University,,,,,
91157105,2021,Lars Carlsen,,,,,,
4089726,2021,R R Arriani,University of Indonesia,,Jawa Barat,Indonesia,-6.3606229,106.8272343
4089726,2021,Chotib,University of Indonesia,,Jawa Barat,Indonesia,-6.3606229,106.8272343
95587466,2021,Fabian Sebastian Achana,University of Cape Coast,Cape Coast,Central Region,Ghana,5.1154645,-1.2908544
95587466,2021,Augustine Tanle,University of Cape Coast,Cape Coast,Central Region,Ghana,5.1154645,-1.2908544
16050552,2021,Mikovhe Maphiri,University of Cape Town,Cape Town,Western Cape,South Africa,-33.957652,18.4611991
16050552,2021,Matsietso Agnes Matasane,University of Pretoria,Pretoria,Gauteng,South Africa,-25.7545492,28.2314476
16050552,2021,Godknows Mudimu,University of Cape Town,Cape Town,Western Cape,South Africa,-33.957652,18.4611991
43254186,2021,Philipp Aerni,,,,,,
55058152,2021,Peg Thomas,WilderShares (United States),Encinitas,California,United States,33.0383717,-117.2386297
55058152,2021,Nancy J. Jacobs,WilderShares (United States),Encinitas,California,United States,33.0383717,-117.2386297
27418640,2021,Dmitry Ivanov,Moscow State Institute of International Relations,Moskva,Moskva,Russia,55.6728244,37.484662
27418640,2021,M. M. Levina,Moscow State Institute of International Relations,Moskva,Moskva,Russia,55.6728244,37.484662
92848881,2022,Аrtem Аrtyukhov,Sumy State University,Sumy,Sums'ka oblast,Ukraine,50.89226439999999,34.84181030000001
92848881,2022,Iurii Volk,Sumy State University,Sumy,Sums'ka oblast,Ukraine,50.89226439999999,34.84181030000001
92848881,2022,Tetiana Anatoliivna Vasylieva,Sumy State University,Sumy,Sums'ka oblast,Ukraine,50.89226439999999,34.84181030000001
96641102,2022,Sandra Bilek-Steindl,Austrian Institute of Economic Research,Wien,Wien,Austria,48.18167529999999,16.3899222
96641102,2022,Thomas Url,Austrian Institute of Economic Research,Wien,Wien,Austria,48.18167529999999,16.3899222
73820868,2022,Sinan Küfeoğlu,University of Cambridge,Cambridge,England,United Kingdom,52.205356,0.113168
18466943,2022,Holger Schlör,Forschungszentrum Jülich,Jülich,North Rhine-Westphalia,Germany,50.9224226,6.3639119
18466943,2022,Stefanie Schubert,SRH Hochschule Heidelberg,Heidelberg,Baden-Württemberg,Germany,49.413892,8.651052
96083364,2022,Sandra Bilek-Steindl,Austrian Institute of Economic Research,Wien,Wien,Austria,48.18167529999999,16.3899222
96083364,2022,Claudia Kettner,Austrian Institute of Economic Research,Wien,Wien,Austria,48.18167529999999,16.3899222
96083364,2022,Christine Mayrhuber,Austrian Institute of Economic Research,Wien,Wien,Austria,48.18167529999999,16.3899222
22291043,2022,Ana Clara Borrego,Polytechnic Institute of Portalegre,Portalegre,Portalegre,Portugal,39.2913421,-7.433133000000001
22291043,2022,Francisco Carreira,Polytechnic Institute of Porto,Porto,Porto,Portugal,41.1791919,-8.5977523
22291043,2022,Pedro Pardal,Polytechnic Institute of Cávado and Ave,Barcelos,Braga,Portugal,41.53699719999999,-8.627731
22291043,2022,Rute Abreu,Instituto Politecnico de Setubal,Setúbal,Setúbal,Portugal,38.522082,-8.838784
56252710,2022,Kester Onor,Covenant University,Ota,Ogun State,Nigeria,6.672644699999999,3.161213
56252710,2022,Lawrence U. Okoye,Covenant University,Ota,Ogun State,Nigeria,6.672644699999999,3.161213
56252710,2022,M. M. Duruji,Covenant University,Ota,Ogun State,Nigeria,6.672644699999999,3.161213
92572379,2022,Salisu Ojonemi Paul,University of Nigeria,Nsukka,Enugu,Nigeria,6.866601999999999,7.411526299999998
92572379,2022,Victor Alewo Adoji,University of Nigeria,Nsukka,Enugu,Nigeria,6.866601999999999,7.411526299999998
95895431,2022,Biswajit Paul,University of Gour Banga,Malda,West Bengal,India,24.9837972,88.13813789999999
49120651,2022,Xuebing Cao,Keele University,Keele,England,United Kingdom,53.0028422,-2.2723725
3043170,2023,Jiawei Liu,Vrije Universiteit Amsterdam,Amsterdam,Noord-Holland,Netherlands,52.3337568,4.8657199
3043170,2023,Li Ji,Nanjing Normal University,Nan Jing Shi,Jiang Su Sheng,China,32.054943,118.764947
3043170,2023,Yanan Sun,Nantong University,Nan Tong Shi,Jiang Su Sheng,China,32.006493,120.886132
3043170,2023,Yung‐ho Chiu,Soochow University,Su Zhou Shi,Jiang Su Sheng,China,31.303257,120.651928
3043170,2023,Haoxiang Zhao,Jiangxi Agricultural University,Nan Chang Shi,Jiang Xi Sheng,China,28.762772,115.832826
46096168,2023,Weihua Liao,Guangxi University,Nan Ning Shi,Guang Xi Zhuang Zu Zi Zhi Qu,China,22.814458,108.324213
46096168,2023,Qianwen Qu,Bank of China,,,,,
46096168,2023,Shiting Liang,Beijing Normal University,,Bei Jing Shi,China,39.9619537,116.3662615
46096168,2023,Weiguo Jiang,State Key Laboratory of Remote Sensing Science,,Bei Jing Shi,China,39.961434,116.365889
42943358,2023,Ramón Arilla,ESIC University,Barcelona,Catalunya,Spain,41.3961562,2.1459194
42943358,2023,Beata Gavurová,Technical University of Košice,,Košický kraj,Slovakia,48.7304815,21.2453223
42943358,2023,Martin Rigelský,University of Prešov,,Prešovský kraj,Slovakia,48.99129019999999,21.2329572
42943358,2023,Domingo Ribeiro Soriano,Universitat de València,València,Comunidad Valenciana,Spain,39.4795247,-0.3633786
71866806,2023,Bianca Ifeoma Chigbu,University of Fort Hare,Dikeni,Eastern Cape,South Africa,-32.7858616,26.84589
71866806,2023,Fhulu Nekhwevha,University of Fort Hare,Dikeni,Eastern Cape,South Africa,-32.7858616,26.84589
34254693,2023,Carissa Tibia Walidayni,Bandung Institute of Technology,,Jawa Barat,Indonesia,-6.890361700000001,107.6101912
34254693,2023,Dina Dellyana,Bandung Institute of Technology,,Jawa Barat,Indonesia,-6.890361700000001,107.6101912
34254693,2023,Evy Rachmawati Chaldun,Bandung Institute of Technology,,Jawa Barat,Indonesia,-6.890361700000001,107.6101912
25335806,2023,Sri Kurnia,Tanjungpura University,,Kalimantan Barat,Indonesia,-0.06065139999999999,109.3448882
25335806,2023,Muhammad Isa Alamsyahbana,Tanjungpura University,,Kalimantan Barat,Indonesia,-0.06065139999999999,109.3448882
25335806,2023,Rachmad Chartady,Tanjungpura University,,Kalimantan Barat,Indonesia,-0.06065139999999999,109.3448882
25335806,2023,Surya Violita Arifin,Tanjungpura University,,Kalimantan Barat,Indonesia,-0.06065139999999999,109.3448882
25335806,2023,Mohammad Iqbal Sesaria,Tanjungpura University,,Kalimantan Barat,Indonesia,-0.06065139999999999,109.3448882
15607250,2023,Alya Dwi Pratiwi,Universitas Muhammadiyah Jember,,Jawa Timur,Indonesia,-8.1751624,113.7176929
15607250,2023,Salahudin Salahudin,Universitas Muhammadiyah Jember,,Jawa Timur,Indonesia,-8.1751624,113.7176929
15607250,2023,Syamsulrizal Syamsulrizal,Universitas Muhammadiyah Jember,,Jawa Timur,Indonesia,-8.1751624,113.7176929
15607250,2023,Havidz Ageng Prakoso,Universitas Muhammadiyah Jember,,Jawa Timur,Indonesia,-8.1751624,113.7176929
15332711,2023,Trina Saha,Noakhali Science and Technology University,Noakhali,Chittagong Division,Bangladesh,22.7916098,91.1027708
15332711,2023,Rubel Miah,Noakhali Science and Technology University,Noakhali,Chittagong Division,Bangladesh,22.7916098,91.1027708
15332711,2023,Mahfujur Rahman,Comilla University,Kotbari,Chittagong Division,Bangladesh,23.419413,91.13646
15332711,2023,Sumon Das,Noakhali Science and Technology University,Noakhali,Chittagong Division,Bangladesh,22.7916098,91.1027708
15332711,2023,Emranul Hoque,Bangabandhu Sheikh Mujibur Rahman Maritime University,Dhaka,Dhaka Division,Bangladesh,23.8270623,90.3639666
66896972,2023,Andreas Eberth,,,,,,
66896972,2023,Christiane Meyer,,,,,,
66896972,2023,Lydia Heilen,,,,,,
79857659,2023,Moataz Elmassri,United Arab Emirates University,Al Ain,Abu Dhabi,United Arab Emirates,24.200588,55.67603399999999
79857659,2023,M. Luisa Pajuelo-Moreno,United Arab Emirates University,Al Ain,Abu Dhabi,United Arab Emirates,24.200588,55.67603399999999
79857659,2023,Abdulhadi Ali Alahbabi,United Arab Emirates University,Al Ain,Abu Dhabi,United Arab Emirates,24.200588,55.67603399999999
79857659,2023,Ahmed Mohamed Alali,United Arab Emirates University,Al Ain,Abu Dhabi,United Arab Emirates,24.200588,55.67603399999999
79857659,2023,Moufak Alzitawi,United Arab Emirates University,Al Ain,Abu Dhabi,United Arab Emirates,24.200588,55.67603399999999
79857659,2023,Hamdan Hussain,United Arab Emirates University,Al Ain,Abu Dhabi,United Arab Emirates,24.200588,55.67603399999999
79857659,2023,Khaled Alnabhani,United Arab Emirates University,Al Ain,Abu Dhabi,United Arab Emirates,24.200588,55.67603399999999
79857659,2023,Tariq Elrazaz,United Arab Emirates University,Al Ain,Abu Dhabi,United Arab Emirates,24.200588,55.67603399999999
44233001,2023,Rahmat Handoyo,Universitas Trisakti,,Daerah Khusus Ibukota Jakarta,Indonesia,-6.167812199999999,106.7901209
44233001,2023,Sofie Sofie,Universitas Trisakti,,Daerah Khusus Ibukota Jakarta,Indonesia,-6.167812199999999,106.7901209
44233001,2023,Nurhastuty K. Wardhani,Universitas Trisakti,,Daerah Khusus Ibukota Jakarta,Indonesia,-6.167812199999999,106.7901209
48337494,2023,Antonio Rafael Peña Sánchez,Universidad de Cádiz,Cádiz,Andalucía,Spain,36.5375584,-6.3004516
48337494,2023,José Ruiz Chico,Universidad de Cádiz,Cádiz,Andalucía,Spain,36.5375584,-6.3004516
48337494,2023,Mercedes Jiménez García,Universidad de Cádiz,Cádiz,Andalucía,Spain,36.5375584,-6.3004516
48337494,2023,María del Carmen Pérez-Peña,Universidad de Cádiz,Cádiz,Andalucía,Spain,36.5375584,-6.3004516
47129127,2023,Javier Jaspe Nieto,ESIC University,Barcelona,Catalunya,Spain,41.3961562,2.1459194
47129127,2023,Ana Ortega Larrea,ESIC University,Barcelona,Catalunya,Spain,41.3961562,2.1459194
58554723,2023,Antonio Rafael Peña Sánchez,Universidad de Cádiz,Cádiz,Andalucía,Spain,36.5375584,-6.3004516
58554723,2023,José Ruiz Chico,Universidad de Cádiz,Cádiz,Andalucía,Spain,36.5375584,-6.3004516
58554723,2023,Mercedes Jiménez García,Universidad de Cádiz,Cádiz,Andalucía,Spain,36.5375584,-6.3004516
58554723,2023,María del Carmen Pérez-Peña,Universidad de Cádiz,Cádiz,Andalucía,Spain,36.5375584,-6.3004516
39616405,2023,Risnandha Diksi Alfaris,Universitas Trisakti,,Daerah Khusus Ibukota Jakarta,Indonesia,-6.167812199999999,106.7901209
39616405,2023,Rinaldi Rustam,Universitas Trisakti,,Daerah Khusus Ibukota Jakarta,Indonesia,-6.167812199999999,106.7901209
39616405,2023,Syafri Syafri,Universitas Trisakti,,Daerah Khusus Ibukota Jakarta,Indonesia,-6.167812199999999,106.7901209
46258180,2023,Qionghua Chu,,,,,,
42891162,2023,Djulianto Tasmat,Pertamina (Indonesia),,Central Kalimantan,Indonesia,-0.789275,113.921327
42891162,2023,Renita Yulia Kuswindriati,Pertamina (Indonesia),,Central Kalimantan,Indonesia,-0.789275,113.921327
42891162,2023,Dzakyansyah Naufal Isda,Pertamina (Indonesia),,Central Kalimantan,Indonesia,-0.789275,113.921327
39223344,2023,Jaglul Hoque Mridha,Primeasia University,Dhaka,Dhaka Division,Bangladesh,23.7938433,90.4034975
39223344,2023,Md. Shayekh Munir,Bangladesh University of Textiles,Dhaka,Dhaka Division,Bangladesh,23.7602868,90.400595
23371179,2023,Xuebing Cao,Keele University,Keele,England,United Kingdom,53.0028422,-2.2723725
6020178,2024,Sugumar Mariappanadar,Australian Catholic University,,,,,
17048617,2024,Chokri Zehri,University of Business and Technology,Jeddah,Makkah Province,Saudi Arabia,21.5761301,39.1524268
17048617,2024,Bendahmane Mohammed El Amin,Prince Sattam Bin Abdulaziz University,Al-Kharj,Riyadh Province,Saudi Arabia,24.1532384,47.2718009
17048617,2024,Amina Kadja,Centre Universitaire Tissemsilt,Tissemsilt,Tissemsilt Province,Algeria,35.6053781,1.813098
17048617,2024,Inaam Zgarni,Centre Universitaire de Mila,Mila,Mila Province,Algeria,36.4626699,6.215032799999999
17048617,2024,Habib Sekrafi,University of Sfax,Sfax,Sfax,Tunisia,34.7360999,10.7428024
41945870,2024,Sunil Tiwari,,,,,,
41945870,2024,Calvin W. H. Cheong,,,,,,
41945870,2024,Loy See Mey,,,,,,
41945870,2024,T. G. Saji,,,,,,
6133768,2024,Esin Yücel Karamustafa,Altınbaş University,,İstanbul,Türkiye,41.057263,28.82036849999999
6133768,2024,Burcu Arsan,Yeditepe University,,İstanbul,Türkiye,40.9719767,29.1522123
6133768,2024,Deni̇z Palalar Alkan,Yeditepe University,,İstanbul,Türkiye,40.9719767,29.1522123
16128346,2024,Chokri Zehri,Prince Sattam Bin Abdulaziz University,Al-Kharj,Riyadh Province,Saudi Arabia,24.1532384,47.2718009
16128346,2024,Mohammed El Amin Bendahmane,Centre Universitaire Tissemsilt,Tissemsilt,Tissemsilt Province,Algeria,35.6053781,1.813098
16128346,2024,Kadja Amina,Centre Universitaire de Mila,Mila,Mila Province,Algeria,36.4626699,6.215032799999999
16128346,2024,Inaam Zgarni,University of Sfax,Sfax,Sfax,Tunisia,34.7360999,10.7428024
16128346,2024,Habib Sekrafi,University of Jendouba,Jendouba,Gouvernorat de Jendouba,Tunisia,36.5106957,8.758205
1334618,2024,Nabila Amin,Shenzhen University,Shen Zhen Shi,Guang Dong Sheng,China,22.53306,113.932813
1334618,2024,Arshian Sharif,Sunway University,,,,,
1334618,2024,Muhammad Tayyab,University of Economics and Human Sciences in Warsaw,Warszawa,Województwo mazowieckie,Poland,52.250384,20.9785394
1334618,2024,Yanchun Pan,Korea University of International Studies,,Seoul,South Korea,37.5430523,126.9601265
29835869,2024,Wei Li,INTI International University,Nilai,Negeri Sembilan,Malaysia,2.8139714,101.7582411
29835869,2024,Cheng Li,Southern University College,Skudai,Johor Darul Ta'zim,Malaysia,1.5336267,103.6818622
26564286,2024,Manpreet Arora,,,,,,
26564286,2024,Monika Chandel,,,,,,
26564286,2024,Sanjeev Gupta,,,,,,
26564286,2024,Shafali Nagpal,,,,,,
641327,2024,Johannes Treu,,,,,,
10567826,2024,Esin Bozyazi,,,,,,
39959247,2024,Kester Onor,Nigerian Institute of International Affairs,Lagos,Lagos,Nigeria,6.435742299999999,3.4153453
43014358,2024,Jiehong Lou,"University of Maryland, College Park",College Park,Maryland,United States,38.9869183,-76.9425543
43014358,2024,Audrey Rader,"University of Maryland, College Park",College Park,Maryland,United States,38.9869183,-76.9425543
43014358,2024,Yohanna M.L. Gultom,University of Indonesia,,Jawa Barat,Indonesia,-6.3606229,106.8272343
43014358,2024,Thomas C. Hilde,"University of Maryland, College Park",College Park,Maryland,United States,38.9869183,-76.9425543
43014358,2024,Nathan Hultman,"University of Maryland, College Park",College Park,Maryland,United States,38.9869183,-76.9425543
63379032,2024,Bruno Diego Barauna,Associação Caruaruense de Ensino Superior e Técnico,,,,,
63379032,2024,D. A. Oliveira,Universidade Tecnológica Federal do Paraná,,State of Paraná,Brazil,-25.2520888,-52.0215415
63379032,2024,Maria Lucia Figueiredo Gomes De Meza,Universidade Federal do Paraná,,State of Paraná,Brazil,-25.2520888,-52.0215415
31632795,2024,Meenakshi Verma,,,,,,
31632795,2024,Anuj Verma,,,,,,
31632795,2024,Prachita Patil,,,,,,
31632795,2024,Rajani Ganesh Pillai,,,,,,
31632795,2024,Gangu Naidu Mandala,,,,,,
31632795,2024,Saket Narendra Bansod,,,,,,
89271788,2024,Marion Kalteis,IU International University of Applied Sciences,Bad Honnef,Nordrhein-Westfalen,Germany,50.6419617,7.228798899999999
55369864,2024,Kris Boudt,,,,,,
55369864,2024,Yanick Inghels,,,,,,
55369864,2024,André Spithoven,,,,,,
33685656,2024,Geoffrey J. Syme,,,,,,
203513,2024,Antonio Luiz de Medina Filho,,,,,,
203513,2024,Antonio Ranha,,,,,,
203513,2024,Bruno Silva Barbosa,,,,,,
203513,2024,Marcela Lobo Francisco,,,,,,
203513,2024,Maria Cecilia Trannin,,,,,,
35040662,2024,Sofía Guarino,,,,,,
35040662,2024,Daniel Alejandro Rossit,,,,,,
35040662,2024,Adrián Castaño,,,,,,
22680634,2024,Miguel Rio,,,,,,
22680634,2024,Nolver Atanasio Arias Arias,,,,,,
22680634,2024,César Gustavo Iriarte Rivas,,,,,,
22680634,2024,Elitania Leyva Rayón,,,,,,
55531916,2024,Faradillah Paratama,,,,,,
55531916,2024,Anshori Ilyas,,,,,,
55531916,2024,Syamsul Bachri,,,,,,
55531916,2024,Zulkifli Aspan,,,,,,
3588933,2024,Gintarė Pauliukevičienė,,,,,,
3588933,2024,Jelena Stankevičienė,,,,,,
3588933,2024,Binh Do,,,,,,
34234646,2024,Philipp Pasing,,,,,,
34234646,2024,Julian Lauten-Weiss,,,,,,
17919471,2024,Farida Rasiwala,,,,,,
17919471,2024,Snehal Hirve,,,,,,
18068343,2024,Manpreet Arora,,,,,,
18068343,2024,Monika Chandel,,,,,,
18068343,2024,Sanjeev Gupta,,,,,,
18068343,2024,Shafali Nagpal,,,,,,
87849490,2024,D. Ravindran,,,,,,
87849490,2024,Sen B Mathews,,,,,,
66405970,2024,Hao Chen,Hunan University of Science and Technology,Xiang Tan Shi,Hu Nan Sheng,China,27.9049327,112.9160409
66405970,2024,Changmiao Tan,Hunan University of Science and Technology,Xiang Tan Shi,Hu Nan Sheng,China,27.9049327,112.9160409
66405970,2024,Huanhua Peng,Hunan University of Science and Technology,Xiang Tan Shi,Hu Nan Sheng,China,27.9049327,112.9160409
66405970,2024,Wentao Yang,Hunan University of Science and Technology,Xiang Tan Shi,Hu Nan Sheng,China,27.9049327,112.9160409
66405970,2024,Lelin Li,Hunan University of Science and Technology,Xiang Tan Shi,Hu Nan Sheng,China,27.9049327,112.9160409
77670590,2024,Ms. Sreeja Gopal,,,,,,
77670590,2024,D. Shyjan,,,,,,
585058,2024,Kris Boudt,Ghent University,Gent,Vlaams Gewest,Belgium,51.0466584,3.7273733
585058,2024,Yanick Inghels,Ghent University,Gent,Vlaams Gewest,Belgium,51.0466584,3.7273733
585058,2024,André Spithoven,Ghent University,Gent,Vlaams Gewest,Belgium,51.0466584,3.7273733
54095725,2024,Sridevi Yerrabati,,,,,,
31328537,2024,Joy E. Akahome,,,,,,
31328537,2024,Ebitimi Florence Wilson,,,,,,
71543111,2024,Marcelo Mendes Arigony,Universidade Federal de Santa Maria,,,,,
71543111,2024,Lúcia Rejane da Rosa Gama Madruga,Universidade Federal de Santa Maria,,,,,
71543111,2024,Lucas Veiga Ávila,Universidade Federal de Santa Maria,,,,,
71543111,2024,Marceli Adriane Schvartz,Universidade Federal de Santa Maria,,,,,
71543111,2024,Ana Luiza Ortiz Arigony,Universidade Federal de Santa Maria,,,,,
93863069,2024,Concepción Cruz-Ibarra,,,,,,
13324608,2024,Arie Kusuma Paksi,Istanbul Medeniyet University,,İstanbul,Türkiye,40.994968,29.0644228
13324608,2024,Chalila Raihan Nabilazka,Muhammadiyah University of Yogyakarta,,Daerah Istimewa Yogyakarta,Indonesia,-7.8108235,110.3218609
13324608,2024,Krisna Silaw,Universitas Muhammadiyah Jember,,Jawa Timur,Indonesia,-8.1751624,113.7176929
