PMID,Year,Author,Institution,City,Region,State,Latitude,Longitude,Continent
32852716,2016,Leonie Bellina,Leuphana University of Lüneburg,Lüneburg,Niedersachsen,Germany,53.22895390000001,10.4013612,Europe
25894747,2016,Kai-Hsin Hung,University of Ottawa,Ottawa,Ontario,Canada,45.42310639999999,-75.68313289999999,North America
49716610,2017,Ely José de Mattos,Pontifícia Universidade Católica do Rio Grande do Sul,,Rio Grande do Sul,Brazil,-30.0592974,-51.1729965,South America
49716610,2017,Izete Pengo Bagolin,Pontifícia Universidade Católica do Rio Grande do Sul,,Rio Grande do Sul,Brazil,-30.0592974,-51.1729965,South America
4998829,2018,Daniel Mason-D’Croz,International Food Policy Research Institute,,,,,,
4998829,2018,Timothy B. Sulser,Commonwealth Scientific and Industrial Research Organisation,,,,,,
4998829,2018,Keith Wiebe,International Food Policy Research Institute,,,,,,
4998829,2018,Mark W. Rosegrant,International Food Policy Research Institute,,,,,,
4998829,2018,Sarah K. Lowder,International Food Policy Research Institute,,,,,,
4998829,2018,Alejandro Nin‐Pratt,International Food Policy Research Institute,,,,,,
4998829,2018,Dirk Willenbockel,University of Sussex,Falmer,England,United Kingdom,50.8677123,-0.0875492,Europe
4998829,2018,Sherman Robinson,Institute of Development Studies,Falmer,England,United Kingdom,50.8659134,-0.0900488,Europe
4998829,2018,Tingju Zhu,International Food Policy Research Institute,,,,,,
4998829,2018,Nicola Cenacchi,International Food Policy Research Institute,,,,,,
4998829,2018,Shahnila Dunston,International Food Policy Research Institute,,,,,,
4998829,2018,Richard Robertson,International Food Policy Research Institute,,,,,,
25902254,2018,Camillus Abawiera Wongnaa,Kwame Nkrumah University of Science and Technology,Kumasi,Ashanti Region,Ghana,6.674503499999999,-1.5716114,Africa
25902254,2018,Dadson Awunyo‐Vitor,Kwame Nkrumah University of Science and Technology,Kumasi,Ashanti Region,Ghana,6.674503499999999,-1.5716114,Africa
19619220,2018,Wasiu Olayinka Fawole,National Open University of Nigeria,Lagos,Lagos,Nigeria,6.434235999999999,3.4095396,Africa
19619220,2018,Burhan Özkan,Akdeniz University,,Antalya,Türkiye,36.8958224,30.6502473,Asia
72265008,2019,Jennifer Blesh,University of Michigan–Ann Arbor,Ann Arbor,Michigan,United States,42.277145,-83.7382071,North America
72265008,2019,Lesli Hoey,A. Alfred Taubman Health Care Center,Ann Arbor,Michigan,United States,42.2836882,-83.72810559999999,North America
72265008,2019,Andrew D. Jones,University of Michigan–Ann Arbor,Ann Arbor,Michigan,United States,42.277145,-83.7382071,North America
72265008,2019,Harriet Friedmann,University of Michigan–Ann Arbor,Ann Arbor,Michigan,United States,42.277145,-83.7382071,North America
72265008,2019,Ivette Perfecto,University of Toronto,,,,,,
8485649,2019,Olutosin Ademola Otekunrin,Federal University of Agriculture,Abẹ́òkúta,Ìpínlẹ̀ Ògùn,Nigeria,7.2297439,3.439215,Africa
8485649,2019,Oluwaseun A. Otekunrin,University of Ibadan,Ibadan,Oyo,Nigeria,7.3775507,3.9470625,Africa
8485649,2019,S. Momoh,Federal University of Agriculture,Abẹ́òkúta,Ìpínlẹ̀ Ògùn,Nigeria,7.2297439,3.439215,Africa
8485649,2019,I. A. Ayinde,Federal University of Agriculture,Abẹ́òkúta,Ìpínlẹ̀ Ògùn,Nigeria,7.2297439,3.439215,Africa
19390993,2019,Derek Byerlee,Georgetown University,Washington,District of Columbia,United States,38.9076089,-77.07225849999999,North America
19390993,2019,Jessica Fanzo,Johns Hopkins University,Baltimore,Maryland,United States,39.3299013,-76.6205177,North America
60586488,2019,Onil Banerjee,Inter-American Development Bank,,,,,,
60586488,2019,Martín Cicowiez,Universidad Nacional de La Plata,La Plata,Provincia de Buenos Aires,Argentina,-34.91327649999999,-57.95124740000001,South America
60586488,2019,Mark Horridge,Victoria University,,,,,,
56539704,2019,Walter Leal Filho,Universität Hamburg,Hamburg,Hamburg,Germany,53.5630754,9.9884042,Europe
56539704,2019,Anabela Marisa Azul,HAW Hamburg,Hamburg,Hamburg,Germany,53.55620949999999,10.0225391,Europe
56539704,2019,Luciana Brandli,University of Coimbra,Coimbra,Coimbra District,Portugal,40.2076394,-8.4260932,Europe
56539704,2019,Pinar Gökcin Özuyar,Universidade de Passo Fundo,,Rio Grande do Sul,Brazil,-28.234493,-52.38044,South America
56539704,2019,Tony Wall,Istinye University,,İstanbul,Türkiye,41.014689,28.9054296,Asia
5047201,2019,Trey Sunderland,,,,,,,
5047201,2019,Alida O’Connor,,,,,,,
5047201,2019,Giulia Muir,,,,,,,
5047201,2019,Lauren Nerfa,,,,,,,
5047201,2019,Giulia Rota Nodari,,,,,,,
5047201,2019,Camilla Wildmark,,,,,,,
5047201,2019,Nur H. A. Bahar,,,,,,,
5047201,2019,Amy Ickowitz,,,,,,,
98589481,2019,Carolina Milhorance,Universidade de Brasília,,Distrito Federal,Brazil,-15.7651574,-47.8699039,South America
98589481,2019,Marcel Bursztyn,Instituto de Desenvolvimento Sustentável Mamirauá,,,,,,
98589481,2019,Éric Sabourin,"Acteurs, Ressources et Territoires dans le Développement",,,,,,
96347963,2019,Youngwan Kim,Hankuk University of Foreign Studies,,Seoul,South Korea,37.5974453,127.0588002,Asia
96347963,2019,Hyuk‐Sang Sohn,Kyung Hee University,,Seoul,South Korea,37.5968367,127.0518435,Asia
96347963,2019,Bokyeong Park,Kyung Hee University,,Seoul,South Korea,37.5968367,127.0518435,Asia
74375320,2019,Basanta Kumara Behera,Maharshi Dayanand University,Rohtak,Haryana,India,28.8769643,76.62105389999999,Asia
74375320,2019,P. K. Rout,Central Institute for Research on Goats,Makhdum,Uttar Pradesh,India,27.3303357,77.7733378,Asia
74375320,2019,Shyambhavee Behera,University of Delhi,New Delhi,Delhi,India,28.5842824,77.1638519,Asia
18570251,2019,Basanta Kumara Behera,Maharshi Dayanand University,Rohtak,Haryana,India,28.8769643,76.62105389999999,Asia
18570251,2019,P. K. Rout,Central Institute for Research on Goats,Makhdum,Uttar Pradesh,India,27.3303357,77.7733378,Asia
18570251,2019,Shyambhavee Behera,University College of Medical Sciences,New Delhi,Delhi,India,28.6831676,77.3099489,Asia
45043401,2019,Basanta Kumara Behera,Maharshi Dayanand University,Rohtak,Haryana,India,28.8769643,76.62105389999999,Asia
45043401,2019,P. K. Rout,Central Institute for Research on Goats,Makhdum,Uttar Pradesh,India,27.3303357,77.7733378,Asia
45043401,2019,Shyambhavee Behera,University of Delhi,New Delhi,Delhi,India,28.5842824,77.1638519,Asia
53705119,2019,Hafizah Zainal,,,,,,,
53705119,2019,Mohd Faisal Mustaffa,,,,,,,
53705119,2019,Zakaria Othman,,,,,,,
58382357,2019,Ashita Sharma,Chandigarh University,,,,,,
58382357,2019,Manish Kumar,Amity University,,,,,,
52798412,2019,Mohammad Sadegh Allahyari,Islamic Azad University Rasht Branch,,,Iran,37.2436448,49.5776188,Asia
52798412,2019,Mina Sadeghzadeh,Islamic Azad University Rasht Branch,,,Iran,37.2436448,49.5776188,Asia
56991279,2019,Husen Ahmed Tura,University of Eastern Finland,Kuopio,Pohjois-Savo,Finland,62.8937663,27.6401123,Europe
46446028,2019,Emily F. Creegan,New Mexico State University,Las Cruces,New Mexico,United States,32.2792887,-106.7491391,North America
46446028,2019,Robert Flynn,New Mexico State University,Las Cruces,New Mexico,United States,32.2792887,-106.7491391,North America
11978569,2019,Nima Nejadrezaei,University College Dublin,Dublin 4,County Dublin,Ireland,53.3097268,-6.2215897,Europe
11978569,2019,Marie Asma Ben Othmen,Groupe de Recherche en Économie Théorique et Appliquée,,,,,,
36466022,2019,Basanta Kumara Behera,Maharshi Dayanand University,Rohtak,Haryana,India,28.8769643,76.62105389999999,Asia
36466022,2019,P. K. Rout,Central Institute for Research on Goats,Makhdum,Uttar Pradesh,India,27.3303357,77.7733378,Asia
36466022,2019,Shyambhavee Behera,University of Delhi,New Delhi,Delhi,India,28.5842824,77.1638519,Asia
4714840,2019,Anastasios Michailidis,Aristotle University of Thessaloniki,Thessaloniki,,Greece,40.6308283,22.9592224,Europe
4714840,2019,Dimitra Lazaridou,Aristotle University of Thessaloniki,Thessaloniki,,Greece,40.6308283,22.9592224,Europe
39912459,2019,Michele Filippo Fontefrancesco,University of Gastronomic Sciences,Pollenzo,Piemonte,Italy,44.6829482,7.894396,Europe
55566967,2019,TN Otubuah Bernard,University of Ghana,Accra,Greater Accra Region,Ghana,5.650562,-0.1962244,Africa
44485433,2019,Michele Filippo Fontefrancesco,University of Gastronomic Sciences,Pollenzo,Piemonte,Italy,44.6829482,7.894396,Europe
44485433,2019,Henry Sidsaph,University of Chester,,,,,,
54816471,2019,Nima Nejadrezaei,Institut Agro Rennes-Angers,Rennes,Bretagne,France,48.1135735,-1.7063508,Europe
88823838,2019,Basanta Kumara Behera,Maharshi Dayanand University,Rohtak,Haryana,India,28.8769643,76.62105389999999,Asia
88823838,2019,P. K. Rout,Central Institute for Research on Goats,Makhdum,Uttar Pradesh,India,27.3303357,77.7733378,Asia
88823838,2019,Shyambhavee Behera,University College of Medical Sciences,New Delhi,Delhi,India,28.6831676,77.3099489,Asia
62077005,2019,Muhammad Saqib,University of Agriculture Faisalabad,faiz,Punjab,Pakistan,31.4293529,73.07501850000001,Asia
62077005,2019,Rabia Yasin,University of Agriculture Faisalabad,faiz,Punjab,Pakistan,31.4293529,73.07501850000001,Asia
62077005,2019,Javaid Akhtar,University of Agriculture Faisalabad,faiz,Punjab,Pakistan,31.4293529,73.07501850000001,Asia
29271051,2019,Richard N. Onwonga,University of Nairobi,,,,,,
50771832,2019,Sinéad Furey,University of Ulster,,,,,,
89008833,2019,Richard N. Onwonga,University of Nairobi,,,,,,
42090732,2019,Mohammad Sadegh Allahyari,Islamic Azad University Rasht Branch,,,Iran,37.2436448,49.5776188,Asia
42090732,2019,Alireza Poursaeed,Islamic Azad University Ilam Branch,Ilam,Koshi Province,Nepal,26.9111769,87.92367469999999,Asia
98200720,2020,Uttam Khanal,Agriculture Victoria,,,,,,
98200720,2020,Clevo Wilson,Queensland University of Technology,Brisbane City,Queensland,Australia,-27.4773131,153.0270449,Oceania
98200720,2020,Sanzidur Rahman,University of Plymouth,Plymouth,England,United Kingdom,50.3758892,-4.1395842,Europe
98200720,2020,Boon L. Lee,Shandong University of Finance and Economics,Ji Nan Shi,Shan Dong Sheng,China,36.637008,117.072309,Asia
98200720,2020,Viet‐Ngu Hoang,Queensland University of Technology,Brisbane City,Queensland,Australia,-27.4773131,153.0270449,Oceania
72327882,2020,Xuan Li,University of Western Australia,Crawley,Western Australia,Australia,-31.9789061,115.8180721,Oceania
74697398,2020,Olutosin Ademola Otekunrin,Agricultural & Applied Economics Association,,,,,,
74697398,2020,Oluwaseun A. Otekunrin,University of Ibadan,Ibadan,Oyo,Nigeria,7.3775507,3.9470625,Africa
74697398,2020,Folorunso O. Fasina,Onderstepoort Veterinary Academic Hospital,Pretoria,Gauteng,South Africa,-25.647891,28.1805644,Africa
74697398,2020,Abiodun Olusola Omotayo,University of Pretoria,Pretoria,Gauteng,South Africa,-25.7545492,28.2314476,Africa
74697398,2020,Muhammad Akram,Food and Agriculture Organization of the United Nations,,,,,,
49547021,2020,Lotsmart Fonjong,Erasmus University Rotterdam,Rotterdam,Zuid-Holland,Netherlands,51.9172477,4.5263027,Europe
49547021,2020,Adwoa Yeboah Gyapong,University of Buea,Buea,Southwest Region,Cameroon,4.148890199999999,9.2878516,Africa
79424790,2020,Moses Makonjio Okello,Muni University,Arua,Mkoa wa Kaskazini,Uganda,2.996229,30.926812,Africa
79424790,2020,Jimmy Lamo,National Agricultural Research Organisation,Entebbe,Central Region,Uganda,0.0449525,32.4602804,Africa
79424790,2020,Mildred Ochwo‐Ssemakula,Makerere University,Kampala,Central Region,Uganda,0.3326347,32.5685861,Africa
79424790,2020,Francis Onyilo,Muni University,Arua,Mkoa wa Kaskazini,Uganda,2.996229,30.926812,Africa
14094882,2020,Bunga Astria Paramashanti,University of Sydney,Camperdown,New South Wales,Australia,-33.8884041,151.1867648,Oceania
62407426,2020,Mohammad Sadegh Allahyari,Islamic Azad University Rasht Branch,,,Iran,37.2436448,49.5776188,Asia
62407426,2020,Mina Sadeghzadeh,Islamic Azad University Rasht Branch,,,Iran,37.2436448,49.5776188,Asia
95636049,2020,Charity Ezenwa-Onuaku,Hyattsville Community Development Corporation,Hyattsville,Maryland,United States,38.9518943,-76.94238539999999,North America
81078849,2020,Michele Filippo Fontefrancesco,University of Gastronomic Sciences,Pollenzo,Piemonte,Italy,44.6829482,7.894396,Europe
94504537,2020,Meena Chavan,Macquarie University,,,,,,
94504537,2020,Yvonne Breyer,Macquarie University,,,,,,
92869777,2020,Aliyu Salisu Barau,Bayero University Kano,Kano,Kano,Nigeria,11.9710159,8.4787105,Africa
10653757,2020,Jennifer Sumner,,,,,,,
10653757,2020,Derya Tarhan,,,,,,,
10653757,2020,John Justin McMurtry,,,,,,,
69792457,2020,Richard N. Onwonga,University of Nairobi,,,,,,
33563599,2020,Anastasios Michailidis,Aristotle University of Thessaloniki,Thessaloniki,,Greece,40.6308283,22.9592224,Europe
33563599,2020,Dimitra Lazaridou,Aristotle University of Thessaloniki,Thessaloniki,,Greece,40.6308283,22.9592224,Europe
729587,2020,Michele Filippo Fontefrancesco,University of Gastronomic Sciences,Pollenzo,Piemonte,Italy,44.6829482,7.894396,Europe
729587,2020,Henry Sidsaph,University of Chester,,,,,,
72830503,2020,Mohammad Sadegh Allahyari,Islamic Azad University Rasht Branch,,,Iran,37.2436448,49.5776188,Asia
72830503,2020,Alireza Poursaeed,Islamic Azad University Ilam Branch,Ilam,Koshi Province,Nepal,26.9111769,87.92367469999999,Asia
33142852,2020,Estefanía Custodio Cerezales,European Commission,,,,,,
76600768,2020,Oluwakemi Adeola Obayelu,University of Ibadan,Ibadan,Oyo,Nigeria,7.3775507,3.9470625,Africa
76600768,2020,Rebecca Funmi Akinmulewo,University of Ibadan,Ibadan,Oyo,Nigeria,7.3775507,3.9470625,Africa
33574716,2020,Sinéad Furey,University of Ulster,,,,,,
38098465,2020,Nima Nejadrezaei,Institut Agro Rennes-Angers,Rennes,Bretagne,France,48.1135735,-1.7063508,Europe
55682801,2020,Muhammad Saqib,University of Agriculture Faisalabad,faiz,Punjab,Pakistan,31.4293529,73.07501850000001,Asia
55682801,2020,Rabia Yasin,University of Agriculture Faisalabad,faiz,Punjab,Pakistan,31.4293529,73.07501850000001,Asia
55682801,2020,Javaid Akhtar,University of Agriculture Faisalabad,faiz,Punjab,Pakistan,31.4293529,73.07501850000001,Asia
54649028,2021,Shakeel Ahmad,China National Rice Research Institute,Lanzhou,Gansu,China,35.86166,104.195397,Asia
54649028,2021,Liqun Tang,Ayub Agriculture Research Institute,,,,,,
54649028,2021,Rahil Shahzad,China National Rice Research Institute,Lanzhou,Gansu,China,35.86166,104.195397,Asia
54649028,2021,Amos Musyoki Mawia,Ayub Agriculture Research Institute,,,,,,
54649028,2021,Gundra Sivakrishna Rao,China National Rice Research Institute,Lanzhou,Gansu,China,35.86166,104.195397,Asia
54649028,2021,Shakra Jamil,King Abdullah University of Science and Technology,King Abdullah University Of Science And Technology,Makkah Province,Saudi Arabia,22.309465,39.104697,Asia
54649028,2021,Wei Chen,Ayub Agriculture Research Institute,,,,,,
54649028,2021,Zhonghua Sheng,China National Rice Research Institute,Lanzhou,Gansu,China,35.86166,104.195397,Asia
54649028,2021,Gaoneng Shao,China National Rice Research Institute,Lanzhou,Gansu,China,35.86166,104.195397,Asia
54649028,2021,Xiangjin Wei,China National Rice Research Institute,Lanzhou,Gansu,China,35.86166,104.195397,Asia
54649028,2021,Peisong Hu,China National Rice Research Institute,Lanzhou,Gansu,China,35.86166,104.195397,Asia
54649028,2021,Magdy M. Mahfouz,China National Rice Research Institute,Lanzhou,Gansu,China,35.86166,104.195397,Asia
54649028,2021,Shikai Hu,King Abdullah University of Science and Technology,King Abdullah University Of Science And Technology,Makkah Province,Saudi Arabia,22.309465,39.104697,Asia
54649028,2021,Shaoqing Tang,China National Rice Research Institute,Lanzhou,Gansu,China,35.86166,104.195397,Asia
60965502,2021,Prudence Atukunda,University of Oslo,Oslo,Oslo,Norway,59.9404992,10.7215296,Europe
60965502,2021,Wenche Barth Eide,University of Oslo,Oslo,Oslo,Norway,59.9404992,10.7215296,Europe
60965502,2021,Kristin Reimers Kardel,University of Oslo,Oslo,Oslo,Norway,59.9404992,10.7215296,Europe
60965502,2021,Per Ole Iversen,University of Oslo,Oslo,Oslo,Norway,59.9404992,10.7215296,Europe
60965502,2021,Ane C. Westerberg,Stellenbosch University,Stellenbosch,Western Cape,South Africa,-33.9328078,18.864447,Africa
39934943,2021,Chris Vogliano,Massey University,,,,,,
39934943,2021,Linda Murray,Massey University,,,,,,
39934943,2021,Jane Coad,Massey University,,,,,,
39934943,2021,Carol Wham,Massey University,,,,,,
39934943,2021,Josephine Maelaua,International Solomon University,Kyiv,Kyiv,Ukraine,50.4520937,30.4772144,Europe
39934943,2021,Rosemary Kafa,Solomon Islands National University,Honiara,Capital Territory,Solomon Islands,-9.4324893,159.99024,Oceania
39934943,2021,Barbara Burlingame,Massey University,,,,,,
22562100,2021,Donatella Saccone,University of Gastronomic Sciences,Pollenzo,Piemonte,Italy,44.6829482,7.894396,Europe
33027395,2021,Naglaa A. Abdallah,Academy of Scientific Research and Technology,,Cairo Governorate,Egypt,30.0375261,31.2349949,Africa
33027395,2021,Aladdin Hamwieh,Cairo University,,Giza Governorate,Egypt,30.0272027,31.2085262,Africa
33027395,2021,Khaled Radwan,Academy of Scientific Research and Technology,,Cairo Governorate,Egypt,30.0375261,31.2349949,Africa
33027395,2021,Nourhan Fouad,Agricultural Genetic Engineering Research Institute,,,,,,
33027395,2021,Channapatna S. Prakash,Tuskegee University,Tuskegee,Alabama,United States,32.430237,-85.7077266,North America
71802479,2021,Yuchen Zhang,National University of Singapore,Singapore,,Singapore,1.2966426,103.7763939,Asia
71802479,2021,Rebecca K. Runting,University of Melbourne,Parkville,Victoria,Australia,-37.7983459,144.960974,Oceania
71802479,2021,Edward L. Webb,National University of Singapore,Singapore,,Singapore,1.2966426,103.7763939,Asia
71802479,2021,David P. Edwards,University of Sheffield,Sheffield,England,United Kingdom,53.3813502,-1.4884229,Europe
71802479,2021,L. Román Carrasco,National University of Singapore,Singapore,,Singapore,1.2966426,103.7763939,Asia
49559180,2021,Khondoker Abdul Mottaleb,Centro Internacional de Mejoramiento de Maíz Y Trigo,,,,,,
49559180,2021,Fazleen Abdul Fatah,Universiti Teknologi MARA,Shah Alam,Selangor,Malaysia,3.0697652,101.5036823,Asia
49559180,2021,Gideon Kruseman,Centro Internacional de Mejoramiento de Maíz Y Trigo,,,,,,
49559180,2021,Olaf Erenstein,Centro Internacional de Mejoramiento de Maíz Y Trigo,,,,,,
46004474,2021,Oscar Herrera-Calderón,National University of San Marcos,Lima,Lima Province,Peru,-12.0561578,-77.0845196,South America
46004474,2021,Ricardo Ángel Yuli-Posadas,National University of San Marcos,Lima,Lima Province,Peru,-12.0561578,-77.0845196,South America
46004474,2021,Gilmar Peña-Rojas,San Cristóbal of Huamanga University,Ayacucho,Ayacucho,Peru,-13.1612479,-74.2257722,South America
46004474,2021,Vidalina Andía-Ayme,San Cristóbal of Huamanga University,Ayacucho,Ayacucho,Peru,-13.1612479,-74.2257722,South America
46004474,2021,Renán Dilton Hañari-Quispe,Universidad Nacional del Altiplano,,,,,,
46004474,2021,Orlando Gregorio-Chaviano,Pontificia Universidad Javeriana,Bogotá,Bogotá,Colombia,4.628487499999999,-74.06466449999999,South America
61693573,2021,Olutosin Ademola Otekunrin,Federal University of Agriculture,Abẹ́òkúta,Ìpínlẹ̀ Ògùn,Nigeria,7.2297439,3.439215,Africa
21291838,2021,Anggara Trisna Nugraha,,,,,,,
21291838,2021,Dadang Priyambodo,,,,,,,
58820535,2021,Gebeyaw Ambelu Degarege,Lincoln University,Lincoln University,Pennsylvania,United States,39.8071788,-75.928474,North America
58820535,2021,Brent Lovelock,University of Otago,Dunedin,Otago,New Zealand,-45.8646835,170.5144227,Oceania
76286955,2021,Rebecca Ryals,"University of California, Merced",Merced,California,United States,37.3647026,-120.4240941,North America
76286955,2021,Elena Bischak,University of Hawaiʻi at Mānoa,Honolulu,Hawaii,United States,21.299824,-157.8148228,North America
76286955,2021,Katherine K. Porterfield,"University of California, Merced",Merced,California,United States,37.3647026,-120.4240941,North America
76286955,2021,Steven Heisey,University of Vermont,Burlington,Vermont,United States,44.4778528,-73.1964637,North America
76286955,2021,Julie Jeliazovski,University of Hawaiʻi at Mānoa,Honolulu,Hawaii,United States,21.299824,-157.8148228,North America
76286955,2021,Sasha Kramer,Institut des Hautes Études Commerciales et Économiques,Port-au-Prince,Ouest,Haiti,18.5401852,-72.3245225,North America
76286955,2021,Suzanne Pierre,Institut des Hautes Études Commerciales et Économiques,Port-au-Prince,Ouest,Haiti,18.5401852,-72.3245225,North America
19566420,2021,Abdul Hameed,Federal Urdu University,Karachi,Sindh,Pakistan,24.9112095,67.0893753,Asia
19566420,2021,Ihtsham Ul Haq Padda,Federal Urdu University,Karachi,Sindh,Pakistan,24.9112095,67.0893753,Asia
19566420,2021,Abdul Salam,University of the Punjab,Lahore,Punjab,Pakistan,31.47898409999999,74.2661627,Asia
66286445,2021,Marines Marli Gniech Karasawa,Universidade de São Paulo,São Paulo,State of São Paulo,Brazil,-23.5557714,-46.6395571,South America
85001762,2021,Molly E. Brown,"University of Maryland, College Park",College Park,Maryland,United States,38.9869183,-76.9425543,North America
5552617,2021,KV Peter,,,,,,,
5552617,2021,Brajesh K. Singh,,,,,,,
5552617,2021,PG Sadhan Kumar,,,,,,,
7588546,2021,Juhi Patil,Shri Vile Parle Kelavani Mandal,Mumbai,Maharashtra,India,19.0967928,72.8516953,Asia
7588546,2021,Gayatri More,Shri Vile Parle Kelavani Mandal,Mumbai,Maharashtra,India,19.0967928,72.8516953,Asia
7588546,2021,Pooja Mahale,Shri Vile Parle Kelavani Mandal,Mumbai,Maharashtra,India,19.0967928,72.8516953,Asia
7588546,2021,Nikita Harale,Shri Vile Parle Kelavani Mandal,Mumbai,Maharashtra,India,19.0967928,72.8516953,Asia
7588546,2021,Vijaylaxmi Bittal,Shri Vile Parle Kelavani Mandal,Mumbai,Maharashtra,India,19.0967928,72.8516953,Asia
6765211,2021,Narcisa Requelme,Universidad Politécnica de Madrid,Madrid,Community of Madrid,Spain,40.41672790000001,-3.7032905,Europe
6765211,2021,Ana Afonso,Politecnica Salesiana University,Cuenca,Azuay,Ecuador,-2.8865291,-78.9898791,South America
40886824,2021,Aishath Muneeza,International Centre for Education in Islamic Finance,Kuala Lumpur,Wilayah Persekutuan Kuala Lumpur,Malaysia,3.1600763,101.6908806,Asia
40886824,2021,Zakariya Mustapha,University of Malaya,Kuala Lumpur,Wilayah Persekutuan Kuala Lumpur,Malaysia,3.1219268,101.6569942,Asia
94708077,2021,Narcisa Requelme,Universidad Politécnica de Madrid,Madrid,Community of Madrid,Spain,40.41672790000001,-3.7032905,Europe
48069326,2021,Joshua Frye,Humboldt State University,Arcata,California,United States,40.8747332,-124.0789268,North America
48069326,2021,Samantha Stone,Humboldt State University,Arcata,California,United States,40.8747332,-124.0789268,North America
95103217,2021,Xuan Li,UNICEF East Asia and Pacific Regional Office,Shizuishan,Ningxia,China,38.7945952,106.5348379,Asia
95103217,2021,S P Wani,International Crops Research Institute for the Semi-Arid Tropics,,,,,,
95103217,2021,Zixi Li,Asian Development Bank,,,,,,
30180570,2021,Irfan Syauqi Beik,IPB University,,,,,,
30180570,2021,Randi Swandaru,National Brain Centre,,,,,,
30180570,2021,Priyesta Rizkiningsih,National Brain Centre,,,,,,
91386167,2021,Laila Hussein,,,,,,,
68169568,2021,Laila Hussein,,,,,,,
92392759,2021,Eileen Kennedy,Tufts University,Medford,Massachusetts,United States,42.4085371,-71.1182729,North America
92392759,2021,Areej Jafari,Food and Agriculture Organization of the United Nations,,,,,,
92392759,2021,Kostas Stamoulis,Food and Agriculture Organization of the United Nations,,,,,,
92392759,2021,Karel Callens,Food and Agriculture Organization of the United Nations,,,,,,
49373106,2021,Christoph Langhans,Netherlands Environmental Assessment Agency,Soest,Utrecht,Netherlands,52.132633,5.291265999999999,Europe
49373106,2021,Arthur Beusen,Netherlands Environmental Assessment Agency,Soest,Utrecht,Netherlands,52.132633,5.291265999999999,Europe
49373106,2021,José M. Mogollón,ORCID,,,,,,
49373106,2021,A. F. Bouwman,ORCID,,,,,,
36216145,2022,Roshan Kumar Singh,National Institute of Plant Genome Research,,,,,,
36216145,2022,Nese Sreenivasulu,International Rice Research Institute,,,,,,
36216145,2022,Manoj Prasad,University of Hyderabad,Hyderabad,Telangana,India,17.456737,78.32638759999999,Asia
79416166,2022,Naveen Kumar Arora,Babasaheb Bhimrao Ambedkar University,Lucknow,Uttar Pradesh,India,26.7633778,80.92578519999999,Asia
79416166,2022,Isha Mishra,Babasaheb Bhimrao Ambedkar University,Lucknow,Uttar Pradesh,India,26.7633778,80.92578519999999,Asia
9184414,2022,Xi Chen,Southwest University,El Paso,Texas,United States,31.7881511,-106.413014,North America
9184414,2022,Chenyang Shuai,Chongqing University,,Chong Qing Shi,China,29.56488,106.468097,Asia
9184414,2022,Ya Wu,University of Michigan–Ann Arbor,Ann Arbor,Michigan,United States,42.277145,-83.7382071,North America
82727487,2022,Vasilii Erokhin,Harbin Engineering University,Ha Er Bin Shi,Hei Long Jiang Sheng,China,45.77323699999999,126.664126,Asia
82727487,2022,Gao Tianming,Harbin Engineering University,Ha Er Bin Shi,Hei Long Jiang Sheng,China,45.77323699999999,126.664126,Asia
82727487,2022,Luminiţa Chivu,Romanian Academy,București,București,Romania,44.4463242,26.0899957,Europe
82727487,2022,Jean Vasile Andrei,Romanian Academy,București,București,Romania,44.4463242,26.0899957,Europe
64861488,2022,Koen Peters,World Food Programme,,,,,,
64861488,2022,Sérgio Silva,Tilburg University,Tilburg,Noord-Brabant,Netherlands,51.5631906,5.0424031,Europe
64861488,2022,Tim Sergio Wolter,World Food Programme,,,,,,
64861488,2022,Luis Anjos,World Food Programme,,,,,,
64861488,2022,Nina van Ettekoven,World Food Programme,,,,,,
64861488,2022,Éric Combette,World Food Programme,,,,,,
64861488,2022,Anna Melchiori,World Food Programme,,,,,,
64861488,2022,Hein Fleuren,World Food Programme,,,,,,
64861488,2022,Dick den Hertog,Tilburg University,Tilburg,Noord-Brabant,Netherlands,51.5631906,5.0424031,Europe
64861488,2022,Özlem Ergün,University of Amsterdam,Amsterdam,North Holland,Netherlands,52.35581819999999,4.955726299999999,Europe
10453979,2022,James Hansen,Columbia University,New York,New York,United States,40.8075355,-73.9625727,North America
10453979,2022,Geneva List,Columbia University,New York,New York,United States,40.8075355,-73.9625727,North America
10453979,2022,Shauna Downs,"Rutgers, The State University of New Jersey",New Brunswick,New Jersey,United States,40.4757766,-74.4289684,North America
10453979,2022,Edward R. Carr,Clark University,Worcester,Massachusetts,United States,42.2520353,-71.8245381,North America
10453979,2022,Rahel Diro,Tetra Tech (United States),Abbeyville,Colorado,United States,38.7945952,-106.5348379,North America
10453979,2022,Walter Baethgen,Columbia University,New York,New York,United States,40.8075355,-73.9625727,North America
10453979,2022,Andrew Kruczkiewicz,Columbia University,New York,New York,United States,40.8075355,-73.9625727,North America
10453979,2022,Mélody Braun,Climate Centre,,,,,,
10453979,2022,John Furlow,Columbia University,New York,New York,United States,40.8075355,-73.9625727,North America
10453979,2022,Kayla Walsh,Columbia University,New York,New York,United States,40.8075355,-73.9625727,North America
10453979,2022,Nitin Magima,Tufts University,Medford,Massachusetts,United States,42.4085371,-71.1182729,North America
48408156,2022,Caiyun Liu,Guangdong University of Finance,Guang Zhou Shi,Guang Dong Sheng,China,23.200123,113.379778,Asia
48408156,2022,Hui Jiang,South China Normal University,,,,,,
48408156,2022,Daniel Bădulescu,University of Oradea,Oradea,Județul Bihor,Romania,47.0446751,21.9201021,Europe
48408156,2022,Dorin Bâc,University of Oradea,Oradea,Județul Bihor,Romania,47.0446751,21.9201021,Europe
50418518,2022,A. Mushtaq,University of Nebraska–Lincoln,Lincoln,Nebraska,United States,40.8201966,-96.7004763,North America
75754554,2022,J. K. Galabada,International University of Japan,Minamiuonuma,Niigata,Japan,37.1480698,138.9465221,Asia
67996373,2022,Nurfadzilah Ahmad,Universiti Teknologi MARA,Shah Alam,Selangor,Malaysia,3.0697652,101.5036823,Asia
67996373,2022,Jovana Vunduk,Institute of General and Physical Chemistry,,,,,,
67996373,2022,Anita Klaus,University of Belgrade,Beograd,,Serbia,44.8184518,20.4575913,Europe
67996373,2022,Nofri Yenita Dahlan,Universiti Teknologi MARA,Shah Alam,Selangor,Malaysia,3.0697652,101.5036823,Asia
67996373,2022,Soumya Ghosh,Edinburgh Napier University,Edinburgh,Scotland,United Kingdom,55.93615149999999,-3.2286436,Europe
67996373,2022,Firdaus Muhammad‐Sukki,University of Technology Malaysia,Skudai,Johor Darul Ta'zim,Malaysia,1.5584681,103.6378169,Asia
67996373,2022,Laurent Dufossé,Technological University of the Shannon: Midlands Midwest,,,,,,
67996373,2022,Nurul Aini Bani,Universiti Teknologi MARA,Shah Alam,Selangor,Malaysia,3.0697652,101.5036823,Asia
67996373,2022,Wan Abd Al Qadr Imad Wan‐Mohtar,University of Malaya,Kuala Lumpur,Wilayah Persekutuan Kuala Lumpur,Malaysia,3.1219268,101.6569942,Asia
72152413,2022,Marcello Iriti,University of Milan,Milano,Lombardia,Italy,45.460342,9.1941298,Europe
72152413,2022,Sara Vitalini,University of Naples Federico II,Napoli,Campania,Italy,40.8453679,14.2577531,Europe
72152413,2022,Elena Maria Varoni,National Interuniversity Consortium of Materials Science and Technology,,,,,,
71716753,2022,Abdul Hameed,Federal Urdu University,Karachi,Sindh,Pakistan,24.9112095,67.0893753,Asia
71716753,2022,Ihtsham Ul Haq Padda,Federal Urdu University,Karachi,Sindh,Pakistan,24.9112095,67.0893753,Asia
71716753,2022,Shahid Karim,"Government College University, Lahore",Lahore,Punjab,Pakistan,31.573152,74.3078585,Asia
6216017,2022,Evans Brako Ntiamoah,Sichuan Agricultural University,Ya An Shi,Si Chuan Sheng,China,29.977484,102.993691,Asia
6216017,2022,Dongmei Li,Sichuan Agricultural University,Ya An Shi,Si Chuan Sheng,China,29.977484,102.993691,Asia
6216017,2022,Bismark Ameyaw,University of Electronic Science and Technology of China,Cheng Du Shi,Si Chuan Sheng,China,30.6624863,104.1021662,Asia
6216017,2022,Daniel Bruce Sarpong,University of Ghana,Accra,Greater Accra Region,Ghana,5.650562,-0.1962244,Africa
6216017,2022,Martinson Twumasi Ankrah,Sichuan Agricultural University,Ya An Shi,Si Chuan Sheng,China,29.977484,102.993691,Asia
6216017,2022,Edmond Yeboah Nyamah,University of Cape Coast,Cape Coast,Central Region,Ghana,5.1154645,-1.2908544,Africa
2539643,2022,Khazin Hussain,Sher-e-Kashmir University of Agricultural Sciences and Technology of Kashmir,Wadoora,,,34.3487921,74.4004065,
2539643,2022,Mahrukh Mahrukh,Sher-e-Kashmir University of Agricultural Sciences and Technology of Kashmir,Wadoora,,,34.3487921,74.4004065,
2539643,2022,Raheeba Tun Nisa,Sher-e-Kashmir University of Agricultural Sciences and Technology of Kashmir,Wadoora,,,34.3487921,74.4004065,
2539643,2022,Abbu Zaid,Aligarh Muslim University,Aligarh,Uttar Pradesh,India,27.9135016,78.0781901,Asia
2539643,2022,Muntazir Mushtaq,National Bureau of Plant Genetic Resources,New Delhi,Delhi,India,28.6300471,77.1507927,Asia
48654816,2022,Olena Kotykova,Mykolayiv National Agrarian University,Mykolaiv,Mykolaiv Oblast,Ukraine,46.9660801,32.003246,Europe
48654816,2022,Mykola Babych,Admiral Makarov National University of Shipbuilding,Mykolaiv,Mykolaivs'ka oblast,Ukraine,46.9870947,32.0011417,Europe
48654816,2022,Anna Iagodzinska,Mykolayiv National Agrarian University,Mykolaiv,Mykolaiv Oblast,Ukraine,46.9660801,32.003246,Europe
48654816,2022,Anna Tabatskova,Mykolayiv National Agrarian University,Mykolaiv,Mykolaiv Oblast,Ukraine,46.9660801,32.003246,Europe
16028130,2022,Luis Velázquez,Universidad de Sonora,,,,,,
16028130,2022,Nora Munguía,Universidad de Sonora,,,,,,
16028130,2022,Diana Alvarez-Alvarez,Universidad de Sonora,,,,,,
16028130,2022,Guillermo Cuamea-Cruz,Universidad de Sonora,,,,,,
16028130,2022,Carlos Anaya-Eredias,Universidad de Sonora,,,,,,
16028130,2022,Francisco Ernesto Martínez-Castañeda,Universidad Autónoma del Estado de México,,State of Mexico,Mexico,19.4968732,-99.7232673,North America
34489524,2022,Emily Mutea,Centre for Training and Integrated Research In ASAL Development,,,,,,
34489524,2022,Md Sarwar Hossain,University of Bern,Bern,Bern,Switzerland,46.9503715,7.438186399999999,Europe
34489524,2022,Ali Ahmed,University of Glasgow,Glasgow,Scotland,United Kingdom,55.872409,-4.2900014,Europe
34489524,2022,Chinwe Ifejika Speranza,International Centre for Diarrhoeal Disease Research,,,,,,
80428811,2022,Sulemana Mumuni,African Governance and Development Institute,,,,,,
80428811,2022,Machol Joseph Aleer,"Pan African University Institute for Governance, Humanities and Social Sciences",,,,,,
29848252,2022,Sulemana Mumuni,"Pan African University Institute for Governance, Humanities and Social Sciences",,,,,,
29848252,2022,Machol Joseph Aleer,African Governance and Development Institute,,,,,,
17624958,2022,Jennifer Blesh,University of Michigan–Ann Arbor,Ann Arbor,Michigan,United States,42.277145,-83.7382071,North America
17624958,2022,Marney E. Isaac,The Scarborough Hospital,Toronto,Ontario,Canada,43.7565093,-79.2481171,North America
17624958,2022,Meagan E. Schipanski,University of Toronto,,,,,,
17624958,2022,Steven J. Vanek,Colorado State University,Fort Collins,Colorado,United States,40.5729432,-105.0848391,North America
92046579,2022,Paul Winters,Chatham House,,,,,,
92046579,2022,Benjamin Wakefield,Chatham House,,,,,,
92046579,2022,Irene Toma,Chatham House,,,,,,
92046579,2022,Anneke Schmider,Chatham House,,,,,,
92046579,2022,Frini Chantzi,Chatham House,,,,,,
92046579,2022,Osman Dar,Chatham House,,,,,,
93609003,2022,O.S. Olagunju,Ladoke Akintola University of Technology,,,,,,
93609003,2022,J. Oyedokun,Ladoke Akintola University of Technology,,,,,,
93609003,2022,B.I.O. Ade-Omowaye,Ladoke Akintola University of Technology,,,,,,
42052046,2022,Olena Kotykova,Mykolayiv National Agrarian University,Mykolaiv,Mykolaiv Oblast,Ukraine,46.9660801,32.003246,Europe
42052046,2022,Mykola Babych,Admiral Makarov National University of Shipbuilding,Mykolaiv,Mykolaivs'ka oblast,Ukraine,46.9870947,32.0011417,Europe
42052046,2022,Anna Iagodzinska,Mykolayiv National Agrarian University,Mykolaiv,Mykolaiv Oblast,Ukraine,46.9660801,32.003246,Europe
42052046,2022,Anna Tabatskova,Mykolayiv National Agrarian University,Mykolaiv,Mykolaiv Oblast,Ukraine,46.9660801,32.003246,Europe
21793474,2022,Fridah Chepleting,Jomo Kenyatta University of Agriculture and Technology,Juja,Kwale,Kenya,-1.0913809,37.0116893,Africa
21793474,2022,Gregory Namusonge,Jomo Kenyatta University of Agriculture and Technology,Juja,Kwale,Kenya,-1.0913809,37.0116893,Africa
21793474,2022,Elizabeth Nabuswa,Jomo Kenyatta University of Agriculture and Technology,Juja,Kwale,Kenya,-1.0913809,37.0116893,Africa
21843556,2022,Rabindranath Bhattacharyya,University of Burdwan,Bardhaman,West Bengal,India,23.2392585,87.85118349999999,Asia
44798418,2022,Stefanie Steinbach,University of Twente,Enschede,Overijssel,Netherlands,52.2396538,6.84979,Europe
44798418,2022,Nesrin Salepci,Ruhr University Bochum,Bochum,Nordrhein-Westfalen,Germany,51.4468863,7.2617049,Europe
44798418,2022,R. C. Eckardt,Friedrich Schiller University Jena,Jena,Thüringen,Germany,50.92943289999999,11.5896642,Europe
44798418,2022,Christiane Schmullius,Friedrich Schiller University Jena,Jena,Thüringen,Germany,50.92943289999999,11.5896642,Europe
44798418,2022,Andreas Rienow,Friedrich Schiller University Jena,Jena,Thüringen,Germany,50.92943289999999,11.5896642,Europe
51605520,2022,Nurul Hidayat Ab Rahman,National University of Malaysia,Bangi,Selangor,Malaysia,2.9289681,101.7800927,Asia
72676873,2022,Nurina Hasanatuludhhiyah,Airlangga University,,East Java,Indonesia,-7.269580499999999,112.7825799,Asia
72676873,2022,Alissa Qodrunnada,Airlangga University,,East Java,Indonesia,-7.269580499999999,112.7825799,Asia
73085450,2022,Onwukwe Blessing Chinasa,University of Nigeria,Nsukka,Enugu,Nigeria,6.866601999999999,7.411526299999998,Africa
73085450,2022,Assoc. Prof. J.A. Ukonze,University of Nigeria,Nsukka,Enugu,Nigeria,6.866601999999999,7.411526299999998,Africa
77987672,2022,Major Md. Ferdausur Rahman,Universiti Malaysia Perlis,Arau,Perlis,Malaysia,6.4604292,100.351832,Asia
77987672,2022,Tunku Salha Binti Tunku Ahmad,Universiti Malaysia Perlis,Arau,Perlis,Malaysia,6.4604292,100.351832,Asia
77987672,2022,Mohammad Aminul Islam,Universiti Malaysia Perlis,Arau,Perlis,Malaysia,6.4604292,100.351832,Asia
77987672,2022,Md Asadul Islam,BRAC University,Dhaka,Dhaka Division,Bangladesh,23.7725001,90.4252945,Asia
54396977,2022,Sinan Küfeoğlu,University of Cambridge,Cambridge,England,United Kingdom,52.205356,0.113168,Europe
62906170,2022,Drifarrosa Aisy Aufanuha Machfudz,Sebelas Maret University,,Jawa Tengah,Indonesia,-7.559627399999999,110.8563805,Asia
62906170,2022,Muhamad Alief Hidayat,Sebelas Maret University,,Jawa Tengah,Indonesia,-7.559627399999999,110.8563805,Asia
78579766,2023,Mukesh Kumar,National Institute of Technology Patna,Patna,Bihar,India,25.6207961,85.1719948,Asia
78579766,2023,Vikas Kumar Choubey,National Institute of Technology Patna,Patna,Bihar,India,25.6207961,85.1719948,Asia
78579766,2023,Rakesh D. Raut,National Institute of Industrial Engineering,Mumbai,Maharashtra,India,19.1389326,72.8988626,Asia
78579766,2023,Sandeep Jagtap,Cranfield University,Cranfield,England,United Kingdom,52.0686347,-0.6087410999999999,Europe
49179506,2023,Milad Hadidi,University of Castilla-La Mancha,Ciudad Real,Castilla-La Mancha,Spain,38.9934998,-3.9254365,Europe
49179506,2023,Fatemeh Aghababaei,Universitat Autònoma de Barcelona,Bellaterra,Catalunya,Spain,41.5021421,2.1038536,Europe
49179506,2023,David Julian McClements,University of Massachusetts Amherst,Amherst,Massachusetts,United States,42.38655809999999,-72.5314278,North America
57910134,2023,Rose Daphnee Tchonkouang,University of Algarve,Faro,Faro,Portugal,37.0284708,-7.923857699999999,Europe
57910134,2023,Helen Onyeaka,University of Birmingham,Birmingham,England,United Kingdom,52.4506089,-1.9305745,Europe
57910134,2023,Taghi Miri,University of Birmingham,Birmingham,England,United Kingdom,52.4506089,-1.9305745,Europe
36899977,2023,Luis Alfonso Jiménez‐Ortega,Centro de Investigación en Alimentación y Desarrollo,,,,,,
36899977,2023,Shun Yao,Sichuan University,Cheng Du Shi,Si Chuan Sheng,China,30.663964,104.071022,Asia
36899977,2023,Josué D. Mota‐Morales,Autonomous University of Queretaro,Santiago de Querétaro,Querétaro,Mexico,20.5919462,-100.4102905,North America
36899977,2023,J. Basilio Heredia,Universidad Nacional Autónoma de México,Ciudad de México,Ciudad de México,Mexico,19.332795,-99.1876103,North America
10956943,2023,Sulemana Mumuni,African Governance and Development Institute,,,,,,
10956943,2023,Machol Joseph Aleer,African Governance and Development Institute,,,,,,
22370807,2023,Nitika Thakur,Shoolini University,Bajhol,Himachal Pradesh,India,30.8643599,77.1184188,Asia
22370807,2023,Mohit Nigam,Shoolini University,Bajhol,Himachal Pradesh,India,30.8643599,77.1184188,Asia
22370807,2023,Garima Awasthi,University of Education,Lahore,Punjab,Pakistan,31.4537374,74.2990294,Asia
22370807,2023,Aryan Shukla,University of Okara,Okara,Punjab,Pakistan,30.867131,73.56660839999999,Asia
22370807,2023,Anis Ali Shah,Shoolini University,Bajhol,Himachal Pradesh,India,30.8643599,77.1184188,Asia
22370807,2023,Nidhi Negi,University of Haripur,Harīpur,Khyber Pakhtunkhwa,Pakistan,33.978055,72.91278419999999,Asia
22370807,2023,Sher Aslam Khan,Berkeley Public Health Division,,,,,,
22370807,2023,Ryan Casini,"University of California, Berkeley",Berkeley,California,United States,37.8712141,-122.255463,North America
22370807,2023,Hosam O. Elansary,King Saud University,Riyadh,Riyadh Province,Saudi Arabia,24.7222078,46.6258804,Asia
65582890,2023,Cindy Li Ken Jong,University of Milan,Milano,Lombardia,Italy,45.460342,9.1941298,Europe
14800540,2023,Shantanu Ghosh,Vidyasagar University,Midnapore,West Bengal,India,22.4314374,87.29730169999999,Asia
14800540,2023,Tarak Nath Sahu,Vidyasagar University,Midnapore,West Bengal,India,22.4314374,87.29730169999999,Asia
82497529,2023,Laura L. McConnell,Bayer (United States),,,,,,
82497529,2023,Coralia Osorio,Universidad Nacional de Colombia,Ansermanuevo,Valle del Cauca,Colombia,4.570868,-74.297333,South America
82497529,2023,Thomas Hofmann,Technical University of Munich,München,Bayern,Germany,48.1487646,11.5681764,Europe
26287417,2023,Cristina M. Quintella,Universidade Federal da Bahia,,Bahia,Brazil,-13.003676,-38.5100127,South America
26287417,2023,Edilson Araújo Pires,Universidade Federal do Recôncavo da Bahia,,Bahia,Brazil,-12.6591297,-39.0919622,South America
26287417,2023,Wagna Piler Carvalho dos Santos,Instituto Federal da Bahia,,Bahia,Brazil,-12.9632797,-38.5006793,South America
38939589,2023,Olutosin Ademola Otekunrin,Federal University of Agriculture,Abẹ́òkúta,Ìpínlẹ̀ Ògùn,Nigeria,7.2297439,3.439215,Africa
22128188,2023,Isaac Ketu,Université de Dschang,Dschang,West Region,Cameroon,5.445335699999999,10.0466071,Africa
48873075,2023,Célia Almeida,Fundação Oswaldo Cruz,,Rio de Janeiro,Brazil,-22.8772312,-43.243633,South America
48873075,2023,Thaisa Santos Lima,Ministério da Saúde,,,,,,
48873075,2023,Rodrigo Pires de Campos,Universidade de Brasília,,Distrito Federal,Brazil,-15.7651574,-47.8699039,South America
28800959,2023,S K Srivastava,South Dakota State University,Brookings,South Dakota,United States,44.3191071,-96.7835182,North America
28800959,2023,Deepthi Kolady,Indian Agricultural Research Institute,New Delhi,Delhi,India,28.6376724,77.1571443,Asia
45391829,2023,Mahbubjon Rahmatov,Swedish University of Agricultural Sciences,Uppsala,Uppsala län,Sweden,59.8163458,17.6594849,Europe
45391829,2023,Claudia E. Lazarte,Lund University,Lund,Skåne län,Sweden,55.7119483,13.203493,Europe
53716864,2023,Reem Alkharouf,Yarmouk University,Irbid,Irbid Governorate,Jordan,32.5390193,35.8564319,Asia
53716864,2023,Ali Shehadeh,Yarmouk University,Irbid,Irbid Governorate,Jordan,32.5390193,35.8564319,Asia
53716864,2023,Khaled Khazaleh,Ministry of Health,,,,,,
53716864,2023,Azzam Al-Azzam,Yarmouk University,Irbid,Irbid Governorate,Jordan,32.5390193,35.8564319,Asia
53716864,2023,Muneer Khalayleh,Yarmouk University,Irbid,Irbid Governorate,Jordan,32.5390193,35.8564319,Asia
9949735,2023,Ayodeji Oluwaseun Ogunleke,University of Ibadan,Ibadan,Oyo,Nigeria,7.3775507,3.9470625,Africa
9949735,2023,Seyi Olalekan Olawuyi,University of Fort Hare,Dikeni,Eastern Cape,South Africa,-32.7858616,26.84589,Africa
9949735,2023,Olusegun Jeremiah Ijila,University of Fort Hare,Dikeni,Eastern Cape,South Africa,-32.7858616,26.84589,Africa
16620445,2023,Melanie Miller Foster,Pennsylvania State University,State College,Pennsylvania,United States,40.7982133,-77.8599084,North America
88386565,2023,S. Mahendra Dev,Institute of Chartered Financial Analysts of India,Gandhinagar,Gujarat,India,23.1961556,72.6340034,Asia
88386565,2023,A. Ganesh‐Kumar,Indira Gandhi Institute of Development Research,Mumbai,Maharashtra,India,19.166381,72.8779581,Asia
88386565,2023,Vijay Laxmi Pandey,Indira Gandhi Institute of Development Research,Mumbai,Maharashtra,India,19.166381,72.8779581,Asia
20868499,2023,Gaël Fokam,Université de Dschang,Dschang,West Region,Cameroon,5.445335699999999,10.0466071,Africa
20868499,2023,Sosson Tadadjeu,Université de Dschang,Dschang,West Region,Cameroon,5.445335699999999,10.0466071,Africa
20868499,2023,Brice Kamguia,Université de Yaoundé I,Yaoundé,Centre Region,Cameroon,3.8616853,11.5202292,Africa
20868499,2023,Ronald Djeunankan,Université de Dschang,Dschang,West Region,Cameroon,5.445335699999999,10.0466071,Africa
11381940,2023,Willem Verhagen,International University,,,,,,
11381940,2023,David Böhl,University of Denver,Denver,Colorado,United States,39.6748442,-104.9652808,North America
11381940,2023,Andres Pulido,International University,,,,,,
11381940,2023,Audrey Pirzadeh,University of Denver,Denver,Colorado,United States,39.6748442,-104.9652808,North America
11381940,2023,Collin J. Meisel,International University,,,,,,
11381940,2023,José R. Solórzano,University of Denver,Denver,Colorado,United States,39.6748442,-104.9652808,North America
11381940,2023,Barry B. Hughes,University of Denver,Denver,Colorado,United States,39.6748442,-104.9652808,North America
11381940,2023,Jonathan D. Moyer,International University,,,,,,
56487384,2023,Thattantavide Anju,Central University of Kerala,Periye,Kerala,India,12.3928975,75.09166669999999,Asia
56487384,2023,Sajana Sreedharan,Central University of Kerala,Periye,Kerala,India,12.3928975,75.09166669999999,Asia
56487384,2023,Nidhi Sharma,Central University of Kerala,Periye,Kerala,India,12.3928975,75.09166669999999,Asia
56487384,2023,Indhukumari Uthirchakkavu,Central University of Kerala,Periye,Kerala,India,12.3928975,75.09166669999999,Asia
56487384,2023,Abhirami Surendran,Central University of Kerala,Periye,Kerala,India,12.3928975,75.09166669999999,Asia
56487384,2023,Ajay Kumar,Central University of Kerala,Periye,Kerala,India,12.3928975,75.09166669999999,Asia
83131965,2023,Alweera Ashfaq,Integral University,Dashauli,Uttar Pradesh,India,26.9581503,80.99890839999999,Asia
83131965,2023,Khwaja Osama,Integral University,Dashauli,Uttar Pradesh,India,26.9581503,80.99890839999999,Asia
83131965,2023,Owais Yousuf,Integral University,Dashauli,Uttar Pradesh,India,26.9581503,80.99890839999999,Asia
83131965,2023,Kaiser Younis,Islamic University of Science and Technology,Awantipora,,,33.9266306,75.0184723,
83424781,2023,Eliseo Luis Vilalta-perdomo,Aston University,Birmingham,England,United Kingdom,52.4867138,-1.8882478,Europe
83424781,2023,Rosario Michel‐Villarreal,University of Leeds,Leeds,England,United Kingdom,53.8066815,-1.5550328,Europe
83424781,2023,Ricardo Thierry-Aguilera,Tecnológico de Monterrey,Monterrey,Nuevo León,Mexico,25.6515649,-100.28954,North America
83424781,2023,Caroline C. Krejci,The University of Texas at Arlington,Arlington,Texas,United States,32.735687,-97.1080656,North America
83424781,2023,Javier Rainer,Universidad Internacional De La Rioja,Logroño,La Rioja,Spain,42.4622184,-2.4241422,Europe
83424781,2023,Daniel Burgos,Universidad Internacional De La Rioja,Logroño,La Rioja,Spain,42.4622184,-2.4241422,Europe
61555608,2023,Richards NSPS,Universidade Federal de Santa Maria,,,,,,
80001654,2023,Rabindranath Bhattacharyya,University of Burdwan,Bardhaman,West Bengal,India,23.2392585,87.85118349999999,Asia
52080870,2023,Manoj Kumar Kamila,International Management Institute,New Delhi,Delhi,India,28.5393024,77.1813334,Asia
7334434,2023,Coralia Osorio,Universidad Nacional de Colombia,Ansermanuevo,Valle del Cauca,Colombia,4.570868,-74.297333,South America
7334434,2023,Thomas Hofmann,Universidad Nacional de Colombia,Ansermanuevo,Valle del Cauca,Colombia,4.570868,-74.297333,South America
55390327,2023,Alexandra Humphreys,,,,,,,
55390327,2023,Denis Kioko Matheka,,,,,,,
79244292,2023,Sakshi Sorate,,,,,,,
79244292,2023,Pratiksha Dhumal,,,,,,,
79244292,2023,Yogita Girigosavi,,,,,,,
79244292,2023,Pramila Pharande,,,,,,,
79244292,2023,Ayesha Anzer,,,,,,,
79244292,2023,Hadeel A. Tabaza,,,,,,,
79244292,2023,Wedad Ahmed,,,,,,,
79244292,2023,Hassan Hajjdiab,,,,,,,
67341465,2023,Michelle Vanessa,Parahyangan Catholic University,,Jawa Barat,Indonesia,-6.8751984,107.604924,Asia
67341465,2023,Juniatí Gunawan,Universitas Trisakti,,Daerah Khusus Ibukota Jakarta,Indonesia,-6.167812199999999,106.7901209,Asia
93014901,2023,Nitika Thakur,Shoolini University,Bajhol,Himachal Pradesh,India,30.8643599,77.1184188,Asia
93014901,2023,Mohit Nigam,Shoolini University,Bajhol,Himachal Pradesh,India,30.8643599,77.1184188,Asia
93014901,2023,Anis Ali Shah,University of Education,Lahore,Punjab,Pakistan,31.4537374,74.2990294,Asia
62731910,2023,Kanchan Singh,National Institute of Health and Family Welfare,,,,,,
62731910,2023,Raj Narayan,National Institute of Health and Family Welfare,,,,,,
62731910,2023,Sherin Raj TP,National Institute of Health and Family Welfare,,,,,,
11504277,2023,Safaah Restuning Hayati,UIN Raden Mas Said Surakarta,,Jawa Tengah,Indonesia,-7.5588441,110.7346414,Asia
44175502,2024,Rodolfo Damiano,University of Palermo,Palermo,Sicilia,Italy,38.1174347,13.3700307,Europe
44175502,2024,Chiara Di Maria,University of Palermo,Palermo,Sicilia,Italy,38.1174347,13.3700307,Europe
25614902,2024,Komlan Edem Agboklou,Akdeniz University,,Antalya,Türkiye,36.8958224,30.6502473,Asia
25614902,2024,Burhan Özkan,Akdeniz University,,Antalya,Türkiye,36.8958224,30.6502473,Asia
72616498,2024,Petru Alexandru Vlaicu,National Research Development Institute for Animal Biology and Nutrition,,,,,,
72616498,2024,Arabela Elena Untea,National Research Development Institute for Animal Biology and Nutrition,,,,,,
72616498,2024,Alexandra Gabriela Oancea,National Research Development Institute for Animal Biology and Nutrition,,,,,,
82177786,2024,Ritika Arora,University of Delhi,New Delhi,Delhi,India,28.5842824,77.1638519,Asia
82177786,2024,Mansi,Graphic Era University,Dehradun,Uttarakhand,India,30.2688994,77.9931391,Asia
82177786,2024,Rizwana,University of Delhi,New Delhi,Delhi,India,28.5842824,77.1638519,Asia
82177786,2024,Himanshu Kumar,Graphic Era University,Dehradun,Uttarakhand,India,30.2688994,77.9931391,Asia
82177786,2024,Birinchi Bora,Institute of Himalayan Bioresource Technology,,,,,,
82177786,2024,Muzamil Ahmad Rather,Tezpur University,Tezpur,Assam,India,26.7002961,92.8307601,Asia
82177786,2024,Bindu Naik,Graphic Era University,Dehradun,Uttarakhand,India,30.2688994,77.9931391,Asia
82177786,2024,Vijay Kumar,Swami Rama Himalayan University,Doiwala,Uttarakhand,India,30.1908273,78.1675087,Asia
82177786,2024,Rajeev Ranjan,Banaras Hindu University,Varanasi,Uttar Pradesh,India,25.2685304,82.9904737,Asia
82177786,2024,Arun Kumar Gupta,Graphic Era University,Dehradun,Uttarakhand,India,30.2688994,77.9931391,Asia
36823163,2024,Priscila Sarai Flores-Aguilar,Autonomous University of Queretaro,Santiago de Querétaro,Querétaro,Mexico,20.5919462,-100.4102905,North America
36823163,2024,Julieta Sánchez-Velázquez,Autonomous University of Queretaro,Santiago de Querétaro,Querétaro,Mexico,20.5919462,-100.4102905,North America
36823163,2024,Humberto Aguirre‐Becerra,Autonomous University of Queretaro,Santiago de Querétaro,Querétaro,Mexico,20.5919462,-100.4102905,North America
36823163,2024,Guillermo Abraham Peña‐Herrejón,Autonomous University of Queretaro,Santiago de Querétaro,Querétaro,Mexico,20.5919462,-100.4102905,North America
36823163,2024,Sergio Aurelio Zamora Castro,Universidad Veracruzana,,,,,,
36823163,2024,Genaro M. Soto-Zarazúa,Autonomous University of Queretaro,Santiago de Querétaro,Querétaro,Mexico,20.5919462,-100.4102905,North America
1645091,2024,Muhammad Abu Bakar Saddique,Muhammad Nawaz Shareef University of Agriculture,Multan,Punjab,Pakistan,30.1474974,71.443562,Asia
1645091,2024,Zulfiqar Ali,University of Agriculture Faisalabad,faiz,Punjab,Pakistan,31.4293529,73.07501850000001,Asia
1645091,2024,Muhammad Ali Sher,Muhammad Nawaz Shareef University of Agriculture,Multan,Punjab,Pakistan,30.1474974,71.443562,Asia
1645091,2024,Sadia Hakeem,Muhammad Nawaz Shareef University of Agriculture,Multan,Punjab,Pakistan,30.1474974,71.443562,Asia
1645091,2024,Da Su,Fujian Agriculture and Forestry University,Fu Zhou Shi,Fu Jian Sheng,China,26.084946,119.239701,Asia
1645091,2024,Muhammad Atif Muneer,Fujian Agriculture and Forestry University,Fu Zhou Shi,Fu Jian Sheng,China,26.084946,119.239701,Asia
42727155,2024,Isaac Ketu,Université de Dschang,Dschang,West Region,Cameroon,5.445335699999999,10.0466071,Africa
42727155,2024,Stéphane Mbiankeu Nguea,Université de Dschang,Dschang,West Region,Cameroon,5.445335699999999,10.0466071,Africa
91523030,2024,Fabio Sporchia,University of Siena,Siena,Toscana,Italy,43.3191155,11.3328421,Europe
91523030,2024,Marta Antonelli,CMCC Foundation - Euro-Mediterranean Center on Climate Change,,,,,,
91523030,2024,Alicia Aguilar,Universitat Oberta de Catalunya,Barcelona,Catalunya,Spain,41.40654929999999,2.1945038,Europe
91523030,2024,Anna Bach-Faig,Universitat Oberta de Catalunya,Barcelona,Catalunya,Spain,41.40654929999999,2.1945038,Europe
91523030,2024,Dario Caro,University of Siena,Siena,Toscana,Italy,43.3191155,11.3328421,Europe
91523030,2024,Kyle Frankel Davis,University of Delaware,Newark,Delaware,United States,39.6809151,-75.7523313,North America
91523030,2024,Roberta Sonnino,University of Surrey,Guildford,England,United Kingdom,51.2431429,-0.5894664,Europe
51525843,2024,Anikeze Nnaemeka Hillary,Enugu State University of Science and Technology,Agbani,Enugu,Nigeria,6.309946,7.5254846,Africa
51525843,2024,Nkiruka Celestina Udenta,Enugu State University of Science and Technology,Agbani,Enugu,Nigeria,6.309946,7.5254846,Africa
69317264,2024,Huadong Guo,,,,,,,
56106424,2024,Zamaswazi Cele,,,,,,,
56106424,2024,Ndivhuho Tshikovhi,,,,,,,
56106424,2024,Fulufhelo Netswera,,,,,,,
51374528,2024,Philip J. Purnell,Leiden University,Leiden,Zuid-Holland,Netherlands,52.156569,4.4866564,Europe
47934572,2024,Olutosin Ademola Otekunrin,University of Ibadan,Ibadan,Oyo,Nigeria,7.3775507,3.9470625,Africa
47934572,2024,Mojisola Olanike Kehinde,Landmark University,Omu-Aran,Kwara,Nigeria,8.1226263,5.082785599999999,Africa
47934572,2024,Oluwaseun Ariyo,University of Ibadan,Ibadan,Oyo,Nigeria,7.3775507,3.9470625,Africa
47934572,2024,Barbara Sawicka,University of Life Sciences in Lublin,Lublin,Województwo lubelskie,Poland,51.24372469999999,22.5401097,Europe
98976245,2024,Vikas Batra,Indira Gandhi Mirpur University,,,,,,
98976245,2024,A Avinash,Indira Gandhi Mirpur University,,,,,,
98976245,2024,Ashish Kumar,Guru Gobind Singh Indraprastha University,New Delhi,Delhi,India,28.5946224,77.0214058,Asia
98976245,2024,Nupur Soti,Guru Gobind Singh Indraprastha University,New Delhi,Delhi,India,28.5946224,77.0214058,Asia
12556278,2024,Asim Abbasi,Kohsar University Murree,Murree,Punjab,Pakistan,33.9158505,73.4062154,Asia
12556278,2024,Aiman Hina,Nanjing Agricultural University,Nan Jing Shi,Jiang Su Sheng,China,32.033399,118.842587,Asia
12556278,2024,Amna Chaudhry,University of Agriculture Faisalabad,faiz,Punjab,Pakistan,31.4293529,73.07501850000001,Asia
12556278,2024,Tasmeya Ishfaq,Kohsar University Murree,Murree,Punjab,Pakistan,33.9158505,73.4062154,Asia
12556278,2024,Wafa Abdullah Hamad Alkherb,Qassim University,Buraydah,Al Qassim Province,Saudi Arabia,26.3488806,43.7668031,Asia
12556278,2024,Asad Aslam,Northeast Forestry University,Ha Er Bin Shi,Hei Long Jiang Sheng,China,45.7240008,126.6403002,Asia
12556278,2024,Nishat Ishfaq Abbasi,Kohsar University Murree,Murree,Punjab,Pakistan,33.9158505,73.4062154,Asia
12556278,2024,Hayssam M. Ali,King Saud University,Riyadh,Riyadh Province,Saudi Arabia,24.7222078,46.6258804,Asia
97039997,2024,Shadreck Matindike,,,,,,,
97039997,2024,Stephen Mago,,,,,,,
13941689,2024,Jillian Hyink,,,,,,,
13941689,2024,Brandon R. McFadden,,,,,,,
13941689,2024,Brandy E. Phipps,,,,,,,
13941689,2024,Craig Gundersen,,,,,,,
66544070,2024,Prosper Chopera,,,,,,,
66544070,2024,Tonderayi M. Matsungo,,,,,,,
66544070,2024,Sandra Bhatasara,,,,,,,
66544070,2024,Viren Ranawana,,,,,,,
66544070,2024,Alberto Fiore,,,,,,,
66544070,2024,Faith Manditsera,,,,,,,
66544070,2024,Lesley Macheka,,,,,,,
20746673,2024,J. K. Galabada,,,,,,,
20746673,2024,N. S. Cooray,,,,,,,
3681209,2024,Muhammad Sulyman Saleem,University of Agriculture Faisalabad,faiz,Punjab,Pakistan,31.4293529,73.07501850000001,Asia
3681209,2024,Sultan Habibullah Khan,University of Faisalabad,Faisalabad,Punjab,Pakistan,31.49544569999999,73.0738203,Asia
3681209,2024,Aftab Ahmad,University of Agriculture Faisalabad,faiz,Punjab,Pakistan,31.4293529,73.07501850000001,Asia
3681209,2024,Iqrar Ahmad Rana,University of Faisalabad,Faisalabad,Punjab,Pakistan,31.49544569999999,73.0738203,Asia
3681209,2024,Zunaira Afzal Naveed,University of Agriculture Faisalabad,faiz,Punjab,Pakistan,31.4293529,73.07501850000001,Asia
3681209,2024,Azeem Iqbal Khan,University of Faisalabad,Faisalabad,Punjab,Pakistan,31.49544569999999,73.0738203,Asia
91254459,2024,Akbar Abdurrahman Mahfudz,University of Bengkulu,,Bengkulu,Indonesia,-3.7595199,102.272388,Asia
91254459,2024,Lutfi Muta’ali,Universitas Gadjah Mada,,Daerah Istimewa Yogyakarta,Indonesia,-7.7711974,110.3790996,Asia
93055843,2024,Juan Diego Zamudio Padilla,,,,,,,
93055843,2024,Constanza Flores Henríquez,,,,,,,
46363348,2024,Smita Sharma,,,,,,,
46363348,2024,Jolly Sahni,,,,,,,
46363348,2024,Rosewine Joy,,,,,,,
38589186,2024,Ádria Kanome Mori Soares,Universidade de São Paulo,São Paulo,State of São Paulo,Brazil,-23.5557714,-46.6395571,South America
38589186,2024,Valéria Guimarães Silvestre Rodrigues,Universidade de São Paulo,São Paulo,State of São Paulo,Brazil,-23.5557714,-46.6395571,South America
32245871,2024,Oğulcan Berk Yıldırım,Yeditepe University,,İstanbul,Türkiye,40.9719767,29.1522123,Asia
32245871,2024,Doğu Berken Yıldırım,Yeditepe University,,İstanbul,Türkiye,40.9719767,29.1522123,Asia
19413923,2024,Safreena Kabeer,SRM Institute of Science and Technology,Kattankulathur,Tamil Nadu,India,12.823033,80.044416,Asia
19413923,2024,SudhaArogya Mary,Karpagam Academy of Higher Education,Eachanari,Tamil Nadu,India,10.9178511,76.9873519,Asia
19413923,2024,Nagamaniammai Govindarajan,SRM Institute of Science and Technology,Kattankulathur,Tamil Nadu,India,12.823033,80.044416,Asia
19413923,2024,Musthafa Mohamed Essa,Dhanalakshmi Srinivasan Group of Institutions,,,,,,
19413923,2024,M. Walid Qoronfleh,SRM Institute of Science and Technology,Kattankulathur,Tamil Nadu,India,12.823033,80.044416,Asia
8291419,2024,Huadong Guo,,,,,,,
80598564,2024,Jawaria Ashraf,University of Science and Technology of China,He Fei Shi,An Hui Sheng,China,31.821994,117.28059,Asia
80598564,2024,Ma Jun,Shandong Management University,Ji Nan Shi,Shandong,China,36.6682599,117.02076,Asia
80598564,2024,Sumran Ali,University of Science and Technology of China,He Fei Shi,An Hui Sheng,China,31.821994,117.28059,Asia
80598564,2024,Muhammad Asad Ghufran,University of Salerno,Fisciano,Campania,Italy,40.7713104,14.7907155,Europe
80598564,2024,Xiaobao Peng,University of Science and Technology of China,He Fei Shi,An Hui Sheng,China,31.821994,117.28059,Asia
73352590,2024,Mohamad Zreık,Sun Yat-sen University,Guang Zhou Shi,Guang Dong Sheng,China,23.0965384,113.298883,Asia
73352590,2024,Badar Alam Iqbal,Walter Sisulu University,,,,,,
55830358,2024,Beauty Zindi,,,,,,,
66359058,2024,Fang Zhong,Xiamen University of Technology,Xiamen,Fujian,China,24.4795099,118.0894799,Asia
66359058,2024,Qiqi Xiao,Fujian Normal University,Fu Zhou Shi,Fu Jian Sheng,China,26.056595,119.295118,Asia
66359058,2024,Yuan Gao,Fujian Normal University,Fu Zhou Shi,Fu Jian Sheng,China,26.056595,119.295118,Asia
